sex,age,age_cat,race,priors_count,juv_fel_count,juv_misd_count,juv_other_count,c_charge_degree,two_year_recid
Male,34,25 - 45,African-American,0,0,0,0,F,1
Male,24,Less than 25,African-American,4,0,0,1,F,1
Male,41,25 - 45,Caucasian,14,0,0,0,F,1
Female,39,25 - 45,Caucasian,0,0,0,0,M,0
Male,27,25 - 45,Caucasian,0,0,0,0,F,0
Male,23,Less than 25,African-American,3,0,0,0,M,1
Female,37,25 - 45,Caucasian,0,0,0,0,M,0
Male,41,25 - 45,African-American,0,0,0,0,F,0
Female,47,Greater than 45,Caucasian,1,0,0,0,F,1
Male,31,25 - 45,African-American,7,0,0,0,F,1
Male,25,25 - 45,African-American,3,0,0,0,F,0
Male,31,25 - 45,Caucasian,6,0,0,0,F,1
Male,31,25 - 45,Caucasian,5,0,0,0,F,1
Male,64,Greater than 45,African-American,13,0,0,0,F,1
Male,21,Less than 25,African-American,1,0,0,0,F,1
Male,27,25 - 45,Caucasian,0,0,0,0,M,1
Female,21,Less than 25,Caucasian,0,0,0,0,F,0
Male,43,25 - 45,Caucasian,1,0,0,0,M,0
Male,27,25 - 45,African-American,8,0,0,0,F,1
Male,26,25 - 45,African-American,5,0,0,1,F,1
Male,33,25 - 45,African-American,0,0,0,0,F,1
Male,30,25 - 45,Caucasian,9,0,0,0,F,1
Male,32,25 - 45,African-American,4,0,0,0,F,1
Male,55,Greater than 45,Caucasian,0,0,0,0,F,0
Female,33,25 - 45,Caucasian,4,0,0,0,M,1
Male,24,Less than 25,Caucasian,1,0,0,0,M,1
Male,34,25 - 45,African-American,21,2,1,3,F,1
Male,29,25 - 45,Caucasian,0,0,0,0,M,0
Female,21,Less than 25,African-American,2,0,0,0,F,0
Male,51,Greater than 45,African-American,2,0,0,0,M,0
Male,29,25 - 45,Caucasian,2,0,0,0,M,1
Female,51,Greater than 45,African-American,7,0,0,0,F,0
Male,29,25 - 45,African-American,0,0,0,0,F,1
Male,25,25 - 45,Caucasian,9,0,0,0,M,1
Male,35,25 - 45,African-American,13,1,0,4,F,1
Male,49,Greater than 45,Caucasian,0,0,0,0,M,0
Male,29,25 - 45,African-American,0,0,0,0,F,0
Male,29,25 - 45,Caucasian,1,0,0,0,F,1
Male,31,25 - 45,African-American,15,0,0,1,F,0
Male,24,Less than 25,African-American,2,0,0,0,F,1
Male,49,Greater than 45,African-American,4,0,0,0,M,0
Male,53,Greater than 45,Caucasian,8,0,0,0,F,0
Male,35,25 - 45,African-American,5,0,0,0,F,0
Male,27,25 - 45,African-American,15,1,1,2,F,1
Male,38,25 - 45,Caucasian,4,0,0,0,M,1
Male,22,Less than 25,African-American,1,0,0,1,F,1
Male,29,25 - 45,African-American,4,0,0,0,F,1
Male,27,25 - 45,African-American,6,0,1,0,F,1
Female,56,Greater than 45,African-American,0,0,0,0,M,0
Male,39,25 - 45,African-American,1,0,0,0,M,0
Male,29,25 - 45,African-American,5,0,0,0,F,1
Male,27,25 - 45,Caucasian,1,0,0,1,F,1
Male,40,25 - 45,African-American,2,0,0,0,F,0
Male,22,Less than 25,African-American,1,0,0,0,M,1
Male,22,Less than 25,Caucasian,0,0,0,0,F,0
Female,26,25 - 45,African-American,1,0,0,0,F,1
Male,32,25 - 45,African-American,0,0,0,0,F,0
Male,41,25 - 45,African-American,1,0,0,0,M,0
Male,30,25 - 45,African-American,8,0,0,0,M,1
Male,25,25 - 45,African-American,14,1,6,1,F,1
Male,22,Less than 25,African-American,2,1,0,0,F,1
Female,35,25 - 45,African-American,1,0,0,0,M,0
Male,36,25 - 45,African-American,9,0,0,0,F,1
Male,26,25 - 45,Caucasian,7,0,0,0,F,1
Male,25,25 - 45,Caucasian,9,0,0,0,F,1
Female,20,Less than 25,Caucasian,0,0,0,0,F,0
Male,39,25 - 45,Caucasian,2,0,0,0,F,1
Female,54,Greater than 45,Caucasian,0,0,0,0,M,0
Male,19,Less than 25,African-American,1,0,0,0,M,1
Male,30,25 - 45,African-American,1,0,0,0,F,0
Female,39,25 - 45,Caucasian,0,0,0,0,F,1
Male,24,Less than 25,Caucasian,8,0,1,2,F,1
Male,30,25 - 45,Caucasian,0,0,0,0,F,0
Male,31,25 - 45,Caucasian,0,0,0,0,M,0
Female,39,25 - 45,Caucasian,1,0,0,0,F,0
Male,43,25 - 45,Caucasian,1,0,0,0,F,0
Male,21,Less than 25,African-American,3,0,0,0,F,1
Male,38,25 - 45,Caucasian,5,0,0,0,M,1
Male,34,25 - 45,Caucasian,0,0,0,0,F,0
Male,33,25 - 45,African-American,5,0,0,0,F,1
Male,37,25 - 45,African-American,3,0,0,0,F,0
Male,42,25 - 45,Caucasian,1,0,0,0,F,1
Male,41,25 - 45,African-American,10,0,1,0,F,1
Male,22,Less than 25,African-American,0,0,0,0,F,1
Male,33,25 - 45,African-American,28,0,12,2,F,1
Male,31,25 - 45,African-American,1,0,0,0,M,0
Male,31,25 - 45,Caucasian,13,0,0,0,F,1
Male,27,25 - 45,African-American,3,0,0,0,F,1
Male,52,Greater than 45,Caucasian,3,0,0,0,M,0
Male,33,25 - 45,African-American,19,0,0,0,F,1
Male,42,25 - 45,Caucasian,6,0,0,0,F,0
Female,25,25 - 45,Caucasian,2,0,0,0,F,0
Male,30,25 - 45,Caucasian,1,0,0,0,M,0
Male,28,25 - 45,Caucasian,0,0,0,0,M,1
Female,24,Less than 25,African-American,0,0,0,0,M,0
Female,29,25 - 45,Caucasian,10,0,1,0,F,1
Male,44,25 - 45,Caucasian,2,0,0,0,M,1
Male,32,25 - 45,African-American,3,0,0,0,F,1
Male,31,25 - 45,Caucasian,2,0,0,0,M,1
Male,31,25 - 45,African-American,1,0,0,0,M,0
Male,59,Greater than 45,Caucasian,1,0,0,0,F,1
Female,20,Less than 25,African-American,1,1,0,0,F,0
Female,43,25 - 45,Caucasian,0,0,0,0,M,0
Male,38,25 - 45,African-American,9,1,1,0,F,1
Male,32,25 - 45,African-American,11,0,0,0,F,1
Male,33,25 - 45,African-American,8,0,0,0,M,1
Female,31,25 - 45,African-American,0,0,0,0,F,1
Female,33,25 - 45,African-American,7,0,0,0,F,1
Male,27,25 - 45,African-American,2,0,0,0,F,1
Female,20,Less than 25,African-American,0,0,0,0,F,0
Female,26,25 - 45,Caucasian,0,0,0,0,M,0
Female,61,Greater than 45,African-American,1,0,0,0,F,1
Female,32,25 - 45,African-American,4,0,0,0,F,1
Female,26,25 - 45,African-American,2,0,0,0,M,1
Male,39,25 - 45,Caucasian,1,1,0,0,M,0
Female,30,25 - 45,Caucasian,3,0,0,0,F,1
Male,30,25 - 45,African-American,1,0,0,0,F,0
Male,48,Greater than 45,Caucasian,2,0,0,0,M,0
Male,22,Less than 25,African-American,1,0,0,0,F,0
Male,46,Greater than 45,Caucasian,6,0,0,0,F,1
Male,31,25 - 45,Caucasian,0,0,0,0,F,0
Male,25,25 - 45,African-American,1,0,0,0,M,1
Female,32,25 - 45,African-American,5,0,0,0,F,0
Male,62,Greater than 45,African-American,8,0,0,0,F,0
Male,28,25 - 45,African-American,6,0,0,0,M,1
Male,78,Greater than 45,Caucasian,1,0,0,0,M,1
Male,56,Greater than 45,Caucasian,0,0,0,0,F,0
Male,22,Less than 25,African-American,1,0,0,0,F,1
Male,47,Greater than 45,African-American,23,0,0,0,M,1
Male,23,Less than 25,African-American,0,0,0,0,M,1
Male,66,Greater than 45,African-American,3,0,0,0,F,0
Male,45,Greater than 45,Caucasian,8,0,0,0,M,1
Male,37,25 - 45,African-American,2,0,0,0,M,1
Male,39,25 - 45,Caucasian,0,0,0,0,F,1
Male,26,25 - 45,African-American,9,0,0,0,F,1
Male,45,Greater than 45,Caucasian,2,0,0,0,F,0
Male,23,Less than 25,African-American,0,0,0,0,F,1
Male,34,25 - 45,African-American,2,0,0,0,M,0
Female,23,Less than 25,African-American,1,0,0,0,M,0
Male,50,Greater than 45,Caucasian,1,0,0,0,F,0
Female,37,25 - 45,Caucasian,0,0,0,0,M,0
Male,44,25 - 45,Caucasian,4,0,0,0,M,0
Female,35,25 - 45,African-American,23,0,1,0,F,1
Male,26,25 - 45,African-American,2,0,0,0,F,1
Male,27,25 - 45,African-American,0,0,0,0,M,0
Female,28,25 - 45,African-American,0,0,0,0,F,0
Female,28,25 - 45,Caucasian,7,0,0,0,F,1
Male,38,25 - 45,African-American,2,0,0,0,F,0
Female,28,25 - 45,African-American,1,0,0,0,F,0
Male,56,Greater than 45,Caucasian,7,0,0,0,F,1
Male,38,25 - 45,African-American,15,0,0,0,F,0
Male,28,25 - 45,African-American,2,0,0,0,M,0
Female,51,Greater than 45,Caucasian,0,0,0,0,M,1
Male,51,Greater than 45,Caucasian,0,0,0,0,M,0
Male,48,Greater than 45,African-American,0,0,0,0,F,0
Male,37,25 - 45,Caucasian,4,0,0,0,F,1
Female,30,25 - 45,African-American,2,0,0,0,F,0
Female,41,25 - 45,African-American,5,0,0,0,M,0
Male,27,25 - 45,African-American,11,0,0,0,F,1
Male,37,25 - 45,African-American,0,0,0,0,M,0
Male,54,Greater than 45,African-American,11,0,0,0,F,0
Male,23,Less than 25,African-American,2,0,0,0,F,0
Male,41,25 - 45,African-American,0,0,0,0,M,0
Male,52,Greater than 45,Caucasian,0,0,0,0,F,0
Male,43,25 - 45,Caucasian,13,0,0,0,F,1
Male,52,Greater than 45,African-American,0,0,0,0,F,0
Male,28,25 - 45,Caucasian,1,0,0,0,F,0
Male,30,25 - 45,African-American,11,0,0,2,M,1
Male,28,25 - 45,Caucasian,1,0,0,0,F,0
Male,22,Less than 25,African-American,0,0,0,0,F,0
Male,30,25 - 45,African-American,4,0,0,0,F,0
Male,31,25 - 45,Caucasian,0,0,0,0,F,1
Male,37,25 - 45,Caucasian,0,0,0,0,F,1
Male,32,25 - 45,African-American,14,0,1,0,F,0
Male,53,Greater than 45,Caucasian,1,0,0,0,M,0
Male,28,25 - 45,African-American,25,0,0,0,F,1
Male,44,25 - 45,Caucasian,8,0,0,0,M,1
Male,25,25 - 45,African-American,0,0,0,0,F,0
Male,22,Less than 25,Caucasian,1,0,0,1,M,1
Female,23,Less than 25,Caucasian,5,0,0,4,F,1
Male,29,25 - 45,African-American,1,0,0,0,M,0
Male,20,Less than 25,African-American,1,0,0,0,F,1
Male,30,25 - 45,African-American,2,0,0,0,F,1
Male,27,25 - 45,African-American,4,0,0,0,F,0
Female,37,25 - 45,African-American,2,0,0,0,F,0
Male,20,Less than 25,African-American,0,0,0,0,F,0
Female,52,Greater than 45,African-American,0,0,0,0,F,0
Female,23,Less than 25,African-American,0,0,0,0,F,1
Female,48,Greater than 45,African-American,0,0,0,0,F,0
Male,25,25 - 45,Caucasian,0,0,0,0,F,0
Male,27,25 - 45,Caucasian,0,0,0,0,F,1
Male,30,25 - 45,African-American,11,0,0,0,F,1
Male,22,Less than 25,African-American,3,0,1,1,M,1
Female,22,Less than 25,Caucasian,1,0,0,0,F,0
Female,41,25 - 45,African-American,2,0,0,0,M,0
Male,52,Greater than 45,African-American,3,0,0,0,F,1
Male,43,25 - 45,African-American,0,0,0,0,F,0
Male,37,25 - 45,Caucasian,3,0,0,0,F,0
Male,70,Greater than 45,Caucasian,1,0,0,0,M,0
Male,46,Greater than 45,Caucasian,3,0,0,0,F,0
Male,21,Less than 25,African-American,0,0,0,0,M,1
Male,26,25 - 45,African-American,1,0,0,0,M,1
Male,34,25 - 45,Caucasian,5,0,0,0,M,0
Male,34,25 - 45,African-American,5,0,0,0,M,0
Male,23,Less than 25,Caucasian,0,0,0,0,F,1
Male,34,25 - 45,African-American,5,0,0,0,F,1
Male,39,25 - 45,African-American,6,0,0,0,F,1
Male,58,Greater than 45,Caucasian,2,0,0,0,F,0
Female,21,Less than 25,African-American,0,0,0,0,M,0
Male,23,Less than 25,African-American,4,0,0,1,M,1
Male,62,Greater than 45,Caucasian,0,0,0,0,F,0
Male,37,25 - 45,Caucasian,5,0,0,0,F,0
Female,32,25 - 45,African-American,5,0,0,0,F,0
Male,27,25 - 45,African-American,0,0,0,0,M,0
Male,44,25 - 45,Caucasian,0,0,0,0,M,1
Male,28,25 - 45,Caucasian,3,0,0,0,M,1
Female,42,25 - 45,Caucasian,0,0,0,0,F,0
Male,27,25 - 45,African-American,0,0,0,0,F,0
Male,20,Less than 25,African-American,0,0,0,0,F,1
Female,51,Greater than 45,Caucasian,0,0,0,0,M,0
Male,56,Greater than 45,Caucasian,0,0,0,0,M,0
Male,29,25 - 45,African-American,7,0,0,0,F,0
Male,20,Less than 25,African-American,0,0,0,0,F,1
Male,27,25 - 45,Caucasian,8,0,0,0,F,0
Male,24,Less than 25,African-American,2,0,1,0,F,1
Male,53,Greater than 45,Caucasian,36,0,0,0,F,1
Male,28,25 - 45,Caucasian,2,0,0,0,M,1
Female,36,25 - 45,African-American,0,0,0,0,F,0
Female,25,25 - 45,Caucasian,2,0,0,0,M,1
Male,28,25 - 45,Caucasian,1,0,0,0,F,0
Female,21,Less than 25,African-American,0,0,0,0,F,1
Male,36,25 - 45,Caucasian,0,0,0,0,M,0
Male,24,Less than 25,African-American,0,0,0,0,F,0
Male,29,25 - 45,African-American,0,0,0,0,F,0
Female,30,25 - 45,Caucasian,0,0,0,0,M,0
Male,32,25 - 45,African-American,12,0,1,0,F,1
Male,23,Less than 25,African-American,1,0,0,1,F,0
Male,47,Greater than 45,African-American,3,0,0,0,F,0
Male,37,25 - 45,Caucasian,0,0,0,0,F,0
Male,19,Less than 25,African-American,2,0,2,0,F,1
Female,21,Less than 25,Caucasian,0,0,0,2,F,0
Male,69,Greater than 45,Caucasian,0,0,0,0,M,0
Male,21,Less than 25,Caucasian,2,0,0,0,F,0
Male,26,25 - 45,African-American,6,0,0,1,M,1
Male,22,Less than 25,Caucasian,0,0,0,0,F,0
Female,23,Less than 25,African-American,0,0,0,0,F,1
Male,49,Greater than 45,African-American,3,0,0,0,F,0
Male,29,25 - 45,African-American,2,0,0,1,M,0
Female,60,Greater than 45,Caucasian,0,0,0,0,M,0
Male,23,Less than 25,African-American,3,2,0,0,F,1
Male,30,25 - 45,Caucasian,0,0,0,0,F,0
Male,21,Less than 25,African-American,1,0,1,0,F,0
Male,22,Less than 25,Caucasian,2,0,0,0,M,1
Male,21,Less than 25,African-American,4,0,0,0,F,1
Male,21,Less than 25,African-American,0,0,0,0,F,1
Male,34,25 - 45,Caucasian,1,0,0,0,M,0
Female,50,Greater than 45,Caucasian,1,0,0,0,M,1
Male,40,25 - 45,Caucasian,0,0,0,0,F,1
Male,25,25 - 45,African-American,7,0,0,0,F,1
Female,53,Greater than 45,Caucasian,1,0,0,0,M,0
Female,24,Less than 25,African-American,0,0,0,0,F,0
Male,42,25 - 45,African-American,1,0,0,0,F,0
Male,28,25 - 45,African-American,1,0,0,0,M,0
Male,26,25 - 45,African-American,6,1,1,0,F,1
Male,22,Less than 25,African-American,4,0,0,0,F,1
Male,21,Less than 25,Caucasian,3,0,0,0,M,0
Male,37,25 - 45,African-American,23,0,0,0,F,1
Male,35,25 - 45,African-American,2,0,0,0,F,0
Male,53,Greater than 45,African-American,2,0,0,0,F,0
Male,29,25 - 45,African-American,7,0,0,0,F,0
Male,48,Greater than 45,Caucasian,23,1,0,0,F,1
Female,52,Greater than 45,Caucasian,0,0,0,0,M,0
Male,27,25 - 45,African-American,12,0,0,0,F,1
Male,28,25 - 45,African-American,5,0,0,0,F,0
Male,33,25 - 45,Caucasian,3,0,0,0,M,0
Male,36,25 - 45,African-American,14,0,0,0,F,1
Male,29,25 - 45,African-American,2,1,0,0,F,0
Male,22,Less than 25,African-American,0,0,0,1,M,1
Male,25,25 - 45,Caucasian,0,0,0,0,F,0
Male,56,Greater than 45,African-American,5,0,0,0,F,0
Male,27,25 - 45,African-American,9,0,0,0,F,1
Male,52,Greater than 45,Caucasian,4,0,0,0,F,1
Male,32,25 - 45,African-American,3,0,0,0,F,0
Female,39,25 - 45,Caucasian,0,0,0,0,M,0
Male,56,Greater than 45,Caucasian,0,0,0,0,M,0
Female,22,Less than 25,African-American,0,0,0,0,F,0
Male,53,Greater than 45,African-American,11,0,0,0,F,0
Male,25,25 - 45,Caucasian,0,0,0,0,M,1
Male,22,Less than 25,Caucasian,0,0,0,0,F,0
Female,58,Greater than 45,Caucasian,2,0,0,0,M,0
Male,31,25 - 45,African-American,7,0,0,0,M,1
Male,22,Less than 25,Caucasian,1,0,0,0,F,1
Male,28,25 - 45,African-American,8,0,0,0,F,1
Male,20,Less than 25,African-American,0,0,0,0,F,1
Male,29,25 - 45,Caucasian,0,0,0,0,M,1
Male,58,Greater than 45,African-American,21,0,0,0,M,1
Male,22,Less than 25,African-American,3,0,0,0,F,0
Male,37,25 - 45,Caucasian,0,0,0,0,F,0
Male,57,Greater than 45,African-American,1,0,0,0,F,1
Male,27,25 - 45,Caucasian,3,0,0,0,M,0
Male,26,25 - 45,African-American,3,0,0,0,F,0
Male,24,Less than 25,Caucasian,3,0,1,1,F,1
Male,33,25 - 45,Caucasian,0,0,0,0,F,0
Male,29,25 - 45,African-American,2,0,0,0,F,0
Female,24,Less than 25,African-American,3,0,0,0,F,1
Male,19,Less than 25,Caucasian,1,0,0,1,F,1
Male,36,25 - 45,Caucasian,2,0,0,0,M,0
Female,24,Less than 25,Caucasian,0,0,0,0,F,0
Male,34,25 - 45,Caucasian,0,0,0,0,M,0
Male,20,Less than 25,African-American,1,1,0,1,F,1
Male,24,Less than 25,African-American,1,0,0,0,M,1
Male,61,Greater than 45,Caucasian,4,0,0,0,F,0
Female,50,Greater than 45,African-American,3,0,0,0,F,0
Male,30,25 - 45,African-American,1,0,0,0,M,0
Male,38,25 - 45,African-American,5,0,0,0,F,0
Male,24,Less than 25,Caucasian,0,0,0,0,M,0
Female,46,Greater than 45,African-American,2,0,0,0,F,1
Male,41,25 - 45,Caucasian,0,0,0,0,M,1
Male,27,25 - 45,African-American,13,0,0,0,M,1
Male,26,25 - 45,African-American,1,0,0,0,M,1
Male,29,25 - 45,African-American,3,0,0,0,F,1
Male,52,Greater than 45,Caucasian,6,0,0,0,F,1
Male,28,25 - 45,Caucasian,1,0,0,0,F,1
Male,55,Greater than 45,African-American,5,0,0,0,F,1
Male,26,25 - 45,African-American,10,1,1,0,F,1
Male,28,25 - 45,African-American,5,0,0,0,F,0
Male,63,Greater than 45,Caucasian,2,0,0,0,F,0
Male,42,25 - 45,African-American,0,0,0,0,F,0
Male,23,Less than 25,African-American,6,1,2,2,F,0
Male,54,Greater than 45,African-American,28,0,0,0,F,1
Male,35,25 - 45,African-American,8,0,0,1,F,1
Female,24,Less than 25,African-American,6,1,0,0,F,1
Male,54,Greater than 45,African-American,2,0,0,0,M,0
Male,58,Greater than 45,African-American,12,0,0,0,M,1
Male,23,Less than 25,Caucasian,1,0,0,1,M,1
Male,35,25 - 45,African-American,1,0,0,0,M,0
Male,20,Less than 25,African-American,1,0,0,0,F,1
Male,51,Greater than 45,Caucasian,0,0,0,0,F,0
Male,37,25 - 45,Caucasian,3,0,0,0,F,0
Male,47,Greater than 45,Caucasian,3,0,0,0,F,0
Male,34,25 - 45,Caucasian,4,0,0,0,F,1
Male,56,Greater than 45,Caucasian,0,0,0,0,F,0
Male,59,Greater than 45,Caucasian,1,0,0,0,F,1
Female,24,Less than 25,Caucasian,6,0,0,1,F,1
Male,21,Less than 25,Caucasian,2,0,0,4,M,1
Male,26,25 - 45,African-American,1,0,0,0,F,0
Female,30,25 - 45,Caucasian,0,0,0,0,M,0
Male,29,25 - 45,Caucasian,0,0,0,0,M,1
Male,54,Greater than 45,African-American,0,0,0,0,M,0
Male,29,25 - 45,African-American,4,0,0,0,F,1
Female,59,Greater than 45,Caucasian,0,0,0,0,M,0
Male,38,25 - 45,African-American,0,0,0,0,F,0
Male,27,25 - 45,Caucasian,1,0,0,0,M,1
Male,66,Greater than 45,African-American,33,0,0,0,F,1
Male,27,25 - 45,Caucasian,2,0,0,0,F,0
Male,51,Greater than 45,Caucasian,1,0,0,0,M,0
Male,35,25 - 45,Caucasian,1,0,0,0,F,0
Male,52,Greater than 45,Caucasian,4,0,0,0,M,0
Female,26,25 - 45,African-American,0,0,0,0,M,0
Female,48,Greater than 45,Caucasian,0,0,0,0,M,0
Male,33,25 - 45,African-American,2,0,0,0,M,0
Female,34,25 - 45,African-American,6,0,0,0,F,0
Male,59,Greater than 45,African-American,10,0,0,0,F,1
Male,29,25 - 45,African-American,5,0,0,0,F,1
Male,24,Less than 25,Caucasian,0,0,0,0,F,0
Male,48,Greater than 45,Caucasian,1,0,0,0,F,1
Male,52,Greater than 45,African-American,4,0,0,0,M,0
Male,20,Less than 25,African-American,0,0,0,0,F,1
Male,25,25 - 45,Caucasian,4,0,0,0,F,1
Male,24,Less than 25,Caucasian,0,0,0,0,F,0
Male,23,Less than 25,Caucasian,0,0,0,0,M,0
Male,27,25 - 45,Caucasian,6,0,1,3,F,0
Male,25,25 - 45,African-American,1,0,1,0,M,1
Male,31,25 - 45,African-American,0,0,0,0,F,0
Male,25,25 - 45,African-American,6,0,1,0,F,1
Male,32,25 - 45,Caucasian,1,0,0,0,F,1
Male,21,Less than 25,Caucasian,0,0,0,0,F,1
Male,25,25 - 45,Caucasian,0,0,0,0,F,0
Male,35,25 - 45,African-American,0,0,0,0,F,0
Male,42,25 - 45,African-American,14,0,0,0,F,1
Male,24,Less than 25,Caucasian,9,0,0,1,M,1
Male,47,Greater than 45,Caucasian,1,0,0,0,M,0
Male,27,25 - 45,African-American,5,0,0,0,F,1
Male,46,Greater than 45,Caucasian,2,0,0,0,F,1
Male,44,25 - 45,African-American,1,0,0,0,M,0
Male,23,Less than 25,Caucasian,2,0,0,0,F,0
Male,42,25 - 45,African-American,8,0,0,0,F,0
Male,58,Greater than 45,African-American,6,0,0,0,F,0
Male,26,25 - 45,African-American,3,0,0,1,F,0
Male,39,25 - 45,African-American,3,0,0,0,F,1
Male,21,Less than 25,African-American,3,0,2,0,F,1
Male,63,Greater than 45,Caucasian,1,0,0,0,M,0
Male,22,Less than 25,African-American,3,0,1,0,F,1
Male,50,Greater than 45,African-American,3,0,0,0,M,0
Male,38,25 - 45,African-American,0,0,0,0,F,0
Male,41,25 - 45,Caucasian,1,0,0,0,F,0
Male,28,25 - 45,African-American,16,8,0,1,F,1
Female,30,25 - 45,African-American,0,0,0,0,M,0
Male,23,Less than 25,African-American,1,0,0,0,F,0
Male,25,25 - 45,Caucasian,2,0,0,0,F,1
Male,40,25 - 45,Caucasian,5,0,0,0,F,0
Male,27,25 - 45,African-American,5,0,0,0,M,1
Male,44,25 - 45,Caucasian,11,0,0,0,M,0
Female,35,25 - 45,African-American,6,0,0,0,F,1
Male,42,25 - 45,Caucasian,0,0,0,0,M,0
Male,38,25 - 45,African-American,15,0,0,0,F,0
Female,25,25 - 45,African-American,0,0,0,0,M,0
Female,49,Greater than 45,Caucasian,2,0,0,0,M,1
Male,50,Greater than 45,Caucasian,5,0,0,0,F,1
Male,66,Greater than 45,Caucasian,0,0,0,0,M,1
Female,46,Greater than 45,Caucasian,0,0,0,0,M,0
Male,30,25 - 45,African-American,5,0,0,1,F,1
Female,22,Less than 25,Caucasian,0,0,0,0,M,0
Male,23,Less than 25,Caucasian,1,0,0,0,M,0
Male,25,25 - 45,African-American,0,0,0,0,M,0
Female,21,Less than 25,Caucasian,0,0,0,0,F,0
Male,27,25 - 45,African-American,0,0,0,0,M,0
Female,24,Less than 25,Caucasian,0,0,0,1,F,0
Male,20,Less than 25,African-American,1,1,0,0,F,0
Male,31,25 - 45,African-American,3,0,0,0,M,1
Male,27,25 - 45,African-American,3,0,0,0,M,1
Male,40,25 - 45,African-American,0,0,0,0,F,0
Male,22,Less than 25,African-American,11,0,0,0,F,1
Female,38,25 - 45,African-American,1,0,0,0,F,0
Male,30,25 - 45,African-American,1,0,0,0,M,0
Male,27,25 - 45,Caucasian,6,0,0,0,F,1
Female,59,Greater than 45,Caucasian,0,0,0,0,M,0
Male,37,25 - 45,Caucasian,2,0,0,0,M,0
Male,28,25 - 45,African-American,5,0,0,0,M,1
Male,38,25 - 45,Caucasian,0,0,0,0,F,0
Male,22,Less than 25,African-American,0,0,0,1,F,1
Male,25,25 - 45,African-American,4,0,0,0,F,1
Male,51,Greater than 45,Caucasian,0,0,0,0,M,0
Male,29,25 - 45,Caucasian,2,0,0,0,M,1
Male,28,25 - 45,African-American,10,0,0,0,F,0
Male,55,Greater than 45,African-American,9,0,0,0,M,1
Female,23,Less than 25,Caucasian,3,0,0,0,F,0
Female,22,Less than 25,African-American,0,0,0,0,M,0
Female,19,Less than 25,Caucasian,2,0,0,0,F,1
Male,31,25 - 45,African-American,1,0,0,0,M,0
Male,29,25 - 45,African-American,0,0,0,0,M,0
Male,61,Greater than 45,African-American,15,0,0,0,F,1
Male,20,Less than 25,African-American,4,0,1,1,F,1
Male,26,25 - 45,Caucasian,3,0,0,0,F,1
Male,27,25 - 45,Caucasian,5,0,0,0,M,0
Male,25,25 - 45,Caucasian,1,0,0,0,F,0
Male,23,Less than 25,Caucasian,3,0,2,0,F,1
Male,38,25 - 45,African-American,0,0,0,0,F,0
Male,27,25 - 45,African-American,18,0,2,1,F,1
Female,35,25 - 45,Caucasian,0,0,0,0,F,1
Female,58,Greater than 45,African-American,4,0,0,0,F,1
Female,57,Greater than 45,Caucasian,0,0,0,0,M,1
Male,21,Less than 25,African-American,0,0,0,1,F,0
Female,22,Less than 25,African-American,0,0,0,0,F,0
Male,30,25 - 45,African-American,0,0,0,0,F,0
Male,30,25 - 45,African-American,8,0,0,0,F,1
Female,31,25 - 45,African-American,10,0,0,0,F,0
Female,45,Greater than 45,Caucasian,1,0,0,0,F,0
Male,39,25 - 45,Caucasian,2,0,0,0,F,1
Male,31,25 - 45,African-American,0,0,0,0,F,1
Male,22,Less than 25,African-American,1,0,0,0,F,1
Male,27,25 - 45,African-American,13,0,0,0,F,1
Male,38,25 - 45,Caucasian,1,0,0,0,F,1
Male,31,25 - 45,African-American,23,0,0,0,F,1
Male,47,Greater than 45,African-American,20,0,0,0,F,0
Male,22,Less than 25,African-American,3,0,1,0,F,0
Male,35,25 - 45,African-American,1,0,0,1,M,1
Male,65,Greater than 45,African-American,2,0,0,0,M,1
Male,35,25 - 45,African-American,0,0,0,0,M,0
Female,33,25 - 45,African-American,0,0,0,0,F,0
Male,53,Greater than 45,Caucasian,1,0,0,0,M,0
Male,21,Less than 25,African-American,0,0,0,0,F,0
Male,37,25 - 45,African-American,11,0,0,0,F,0
Female,31,25 - 45,African-American,0,0,0,0,M,0
Female,59,Greater than 45,Caucasian,2,0,0,0,F,0
Male,27,25 - 45,African-American,0,0,0,0,M,0
Male,36,25 - 45,African-American,0,0,0,0,M,1
Male,46,Greater than 45,African-American,17,0,0,0,F,1
Male,22,Less than 25,African-American,3,0,0,1,F,0
Female,28,25 - 45,Caucasian,0,0,0,0,M,0
Female,34,25 - 45,Caucasian,15,0,0,1,F,1
Male,23,Less than 25,African-American,2,0,0,1,M,1
Male,27,25 - 45,African-American,3,0,0,0,F,0
Male,48,Greater than 45,Caucasian,3,0,0,0,F,1
Male,31,25 - 45,African-American,5,0,0,0,F,0
Male,36,25 - 45,African-American,4,0,1,0,M,0
Male,44,25 - 45,African-American,14,0,0,0,F,1
Male,53,Greater than 45,Caucasian,2,0,0,0,F,0
Male,33,25 - 45,African-American,3,0,0,0,M,1
Male,47,Greater than 45,Caucasian,2,0,0,0,F,1
Male,57,Greater than 45,African-American,20,0,0,0,F,1
Male,28,25 - 45,African-American,2,0,0,0,M,0
Male,24,Less than 25,African-American,1,0,0,0,M,0
Male,44,25 - 45,African-American,1,0,0,0,F,0
Male,46,Greater than 45,African-American,0,0,0,0,F,0
Male,37,25 - 45,African-American,6,0,0,0,F,0
Male,26,25 - 45,African-American,10,0,0,0,M,1
Male,27,25 - 45,African-American,10,0,1,0,F,1
Male,40,25 - 45,Caucasian,1,0,0,0,F,0
Female,60,Greater than 45,Caucasian,9,0,0,0,F,1
Male,53,Greater than 45,Caucasian,1,0,0,0,F,0
Male,28,25 - 45,African-American,0,0,0,0,F,0
Female,46,Greater than 45,Caucasian,2,0,0,0,F,0
Male,23,Less than 25,African-American,0,0,0,0,F,1
Male,50,Greater than 45,African-American,18,0,0,0,F,1
Male,45,Greater than 45,African-American,0,0,0,0,M,0
Male,22,Less than 25,African-American,1,0,0,0,F,0
Male,26,25 - 45,Caucasian,1,0,0,0,F,1
Male,62,Greater than 45,Caucasian,0,0,0,0,F,0
Male,34,25 - 45,Caucasian,0,0,0,0,M,1
Male,21,Less than 25,Caucasian,0,0,0,0,M,0
Male,25,25 - 45,Caucasian,0,0,0,0,F,1
Male,68,Greater than 45,Caucasian,0,0,0,0,M,0
Male,21,Less than 25,Caucasian,1,0,0,0,F,0
Male,22,Less than 25,African-American,0,0,0,0,F,0
Male,42,25 - 45,Caucasian,1,0,0,0,F,0
Male,22,Less than 25,Caucasian,1,0,1,1,F,1
Male,45,Greater than 45,African-American,0,0,0,0,F,1
Female,36,25 - 45,African-American,4,0,0,0,F,1
Male,48,Greater than 45,African-American,2,0,0,0,F,0
Male,23,Less than 25,African-American,6,0,0,1,F,1
Male,24,Less than 25,African-American,0,0,0,0,F,0
Male,29,25 - 45,African-American,0,0,0,0,F,0
Male,24,Less than 25,African-American,0,0,0,0,F,0
Male,50,Greater than 45,African-American,11,0,0,0,F,0
Male,34,25 - 45,African-American,10,0,1,0,F,1
Male,23,Less than 25,African-American,0,0,0,0,F,0
Female,22,Less than 25,Caucasian,0,0,0,0,M,0
Male,30,25 - 45,Caucasian,22,0,0,0,F,1
Male,21,Less than 25,African-American,0,0,0,0,F,1
Female,53,Greater than 45,Caucasian,0,0,0,0,F,0
Male,25,25 - 45,African-American,7,0,1,1,M,1
Female,25,25 - 45,African-American,1,0,0,0,M,0
Male,71,Greater than 45,African-American,8,0,0,0,F,0
Male,39,25 - 45,African-American,10,0,4,0,M,0
Female,37,25 - 45,African-American,0,0,0,0,F,0
Male,20,Less than 25,African-American,0,0,0,2,F,1
Female,29,25 - 45,African-American,3,0,0,0,F,0
Male,22,Less than 25,African-American,2,0,0,0,F,1
Male,26,25 - 45,African-American,4,0,0,0,F,1
Female,47,Greater than 45,African-American,19,0,0,0,F,1
Female,20,Less than 25,Caucasian,1,0,0,0,F,1
Female,23,Less than 25,African-American,0,0,0,0,F,0
Female,53,Greater than 45,African-American,0,0,0,0,F,0
Female,23,Less than 25,African-American,0,0,0,0,F,0
Male,26,25 - 45,African-American,5,0,0,1,F,1
Male,25,25 - 45,African-American,6,0,0,0,F,0
Male,27,25 - 45,African-American,4,0,0,0,F,1
Male,29,25 - 45,African-American,1,0,0,0,M,0
Male,31,25 - 45,African-American,0,0,0,0,M,0
Male,41,25 - 45,African-American,8,0,0,0,F,1
Male,25,25 - 45,Caucasian,0,0,0,0,M,0
Male,47,Greater than 45,Caucasian,0,0,0,0,M,0
Male,37,25 - 45,African-American,4,0,0,0,F,0
Female,35,25 - 45,African-American,4,0,0,0,F,0
Male,24,Less than 25,Caucasian,1,0,0,0,M,1
Male,21,Less than 25,Caucasian,2,0,2,1,F,1
Male,22,Less than 25,Caucasian,0,0,0,0,F,1
Male,57,Greater than 45,African-American,11,0,0,0,F,0
Male,48,Greater than 45,Caucasian,0,0,0,0,F,0
Female,37,25 - 45,African-American,3,0,0,0,F,0
Male,31,25 - 45,Caucasian,0,0,0,0,M,0
Male,22,Less than 25,African-American,1,0,1,0,F,1
Male,31,25 - 45,Caucasian,2,0,0,0,M,0
Male,24,Less than 25,African-American,0,0,0,0,F,1
Male,32,25 - 45,African-American,22,0,0,1,F,1
Male,63,Greater than 45,African-American,0,0,0,0,M,0
Male,20,Less than 25,Caucasian,0,0,0,2,F,0
Female,24,Less than 25,African-American,1,0,0,0,M,1
Female,36,25 - 45,African-American,1,0,0,0,M,0
Male,28,25 - 45,Caucasian,2,0,0,0,F,0
Male,36,25 - 45,African-American,3,0,0,0,F,1
Female,33,25 - 45,African-American,0,0,0,0,M,0
Male,39,25 - 45,African-American,0,0,0,0,F,0
Male,30,25 - 45,African-American,17,0,0,0,F,1
Male,24,Less than 25,African-American,1,0,0,0,F,1
Male,35,25 - 45,African-American,7,0,0,0,F,0
Male,24,Less than 25,African-American,0,0,0,1,F,0
Male,26,25 - 45,Caucasian,8,0,0,0,F,0
Male,28,25 - 45,African-American,14,0,0,0,F,1
Male,32,25 - 45,African-American,0,0,0,0,M,0
Female,32,25 - 45,Caucasian,1,0,0,0,M,1
Male,33,25 - 45,African-American,5,0,0,0,M,1
Male,29,25 - 45,African-American,16,0,1,0,F,0
Male,34,25 - 45,Caucasian,1,0,0,0,M,1
Male,43,25 - 45,Caucasian,0,0,0,0,M,0
Male,47,Greater than 45,Caucasian,2,0,0,0,F,0
Male,25,25 - 45,African-American,3,0,0,0,M,1
Female,23,Less than 25,African-American,1,0,0,0,F,0
Male,39,25 - 45,Caucasian,2,0,0,0,M,0
Male,35,25 - 45,African-American,13,0,0,0,F,1
Male,43,25 - 45,African-American,20,1,0,0,F,0
Male,25,25 - 45,African-American,3,0,1,1,F,1
Male,48,Greater than 45,African-American,25,1,0,0,F,1
Male,22,Less than 25,African-American,1,0,0,1,M,1
Male,52,Greater than 45,African-American,9,1,0,0,M,1
Male,26,25 - 45,Caucasian,5,0,0,0,F,1
Male,67,Greater than 45,African-American,4,0,0,0,M,1
Male,34,25 - 45,African-American,4,0,0,0,M,0
Male,56,Greater than 45,Caucasian,4,0,0,0,M,0
Male,28,25 - 45,African-American,1,0,0,0,F,1
Male,29,25 - 45,African-American,2,0,0,0,M,0
Male,37,25 - 45,African-American,6,0,0,0,F,1
Male,51,Greater than 45,Caucasian,0,0,0,0,F,0
Male,20,Less than 25,African-American,1,0,0,1,M,1
Male,26,25 - 45,Caucasian,4,0,0,0,M,1
Female,39,25 - 45,Caucasian,1,0,0,0,M,1
Male,21,Less than 25,African-American,1,0,0,1,F,0
Male,21,Less than 25,African-American,1,0,1,1,F,1
Male,24,Less than 25,Caucasian,3,0,2,0,F,1
Male,26,25 - 45,African-American,4,0,1,0,M,1
Male,48,Greater than 45,Caucasian,1,0,0,0,F,0
Male,24,Less than 25,African-American,5,0,1,0,F,1
Male,26,25 - 45,Caucasian,0,0,0,0,F,0
Male,46,Greater than 45,Caucasian,0,0,0,0,F,0
Male,24,Less than 25,African-American,7,0,1,1,M,0
Female,21,Less than 25,Caucasian,0,0,0,0,M,0
Male,24,Less than 25,African-American,1,0,0,0,F,1
Male,36,25 - 45,African-American,9,0,0,0,M,0
Male,30,25 - 45,African-American,5,0,0,0,F,1
Female,22,Less than 25,Caucasian,1,0,0,0,F,0
Male,25,25 - 45,African-American,0,0,0,0,F,1
Male,31,25 - 45,African-American,25,0,3,0,M,1
Male,24,Less than 25,African-American,0,0,0,0,F,0
Male,39,25 - 45,African-American,13,0,0,0,F,1
Female,30,25 - 45,African-American,4,0,0,0,F,0
Male,40,25 - 45,Caucasian,0,0,0,0,F,0
Female,52,Greater than 45,African-American,0,0,0,0,F,0
Male,23,Less than 25,African-American,3,1,0,1,F,0
Female,26,25 - 45,African-American,1,0,0,0,M,0
Male,22,Less than 25,Caucasian,1,0,1,0,F,1
Male,42,25 - 45,Caucasian,3,0,0,0,F,0
Male,23,Less than 25,African-American,6,0,3,1,F,1
Male,28,25 - 45,African-American,1,0,0,0,F,0
Male,50,Greater than 45,Caucasian,1,0,0,0,F,0
Male,32,25 - 45,African-American,1,0,0,0,F,0
Male,51,Greater than 45,African-American,3,0,0,0,F,0
Male,19,Less than 25,Caucasian,1,0,0,0,M,1
Male,32,25 - 45,African-American,4,0,0,0,F,0
Female,31,25 - 45,Caucasian,1,0,0,0,F,1
Female,29,25 - 45,African-American,1,0,0,0,F,0
Male,26,25 - 45,African-American,9,0,0,0,F,1
Male,27,25 - 45,Caucasian,0,0,0,0,F,1
Male,52,Greater than 45,Caucasian,1,0,0,0,F,1
Male,28,25 - 45,African-American,3,0,0,0,M,1
Male,32,25 - 45,African-American,3,0,0,0,F,1
Male,27,25 - 45,African-American,5,0,0,0,M,1
Female,42,25 - 45,Caucasian,0,0,0,0,M,0
Male,33,25 - 45,African-American,0,0,0,0,F,1
Female,28,25 - 45,Caucasian,3,0,0,1,M,0
Female,53,Greater than 45,Caucasian,0,0,0,0,M,0
Male,24,Less than 25,Caucasian,0,0,0,0,F,0
Male,39,25 - 45,African-American,6,0,0,1,M,1
Male,22,Less than 25,African-American,1,0,0,0,F,1
Male,46,Greater than 45,African-American,2,0,0,0,F,1
Male,25,25 - 45,African-American,0,0,0,0,M,0
Male,52,Greater than 45,Caucasian,1,0,0,0,F,0
Male,28,25 - 45,African-American,4,0,0,0,M,1
Female,57,Greater than 45,Caucasian,1,0,0,0,F,1
Male,49,Greater than 45,African-American,3,0,0,0,F,1
Male,21,Less than 25,African-American,2,0,0,0,F,1
Male,32,25 - 45,African-American,19,0,0,0,F,1
Male,63,Greater than 45,African-American,3,0,0,0,M,0
Male,29,25 - 45,Caucasian,2,0,0,0,F,0
Male,46,Greater than 45,African-American,0,0,0,0,M,0
Male,28,25 - 45,African-American,10,0,0,0,M,1
Male,27,25 - 45,African-American,1,0,0,0,F,0
Female,33,25 - 45,Caucasian,1,0,0,0,M,0
Male,32,25 - 45,African-American,14,0,0,0,F,1
Male,24,Less than 25,African-American,2,0,0,0,F,0
Male,26,25 - 45,African-American,5,0,0,0,F,1
Male,25,25 - 45,Caucasian,1,0,0,0,F,0
Male,21,Less than 25,African-American,1,0,0,0,F,0
Male,25,25 - 45,African-American,2,0,0,0,M,1
Male,22,Less than 25,African-American,6,1,1,0,F,1
Female,26,25 - 45,Caucasian,0,0,0,0,F,0
Male,20,Less than 25,Caucasian,0,0,0,0,F,0
Male,30,25 - 45,African-American,1,0,0,0,M,1
Male,45,Greater than 45,African-American,0,0,0,0,F,1
Male,33,25 - 45,African-American,7,0,0,0,F,1
Male,35,25 - 45,Caucasian,2,0,0,0,F,0
Male,41,25 - 45,Caucasian,5,0,0,0,F,0
Male,23,Less than 25,Caucasian,0,0,0,0,M,0
Female,21,Less than 25,Caucasian,0,0,1,0,M,1
Male,54,Greater than 45,African-American,0,0,0,0,F,0
Male,27,25 - 45,African-American,10,0,0,0,F,1
Male,22,Less than 25,Caucasian,0,0,0,0,M,0
Male,23,Less than 25,African-American,2,0,0,0,F,1
Male,36,25 - 45,African-American,5,0,0,0,M,1
Male,29,25 - 45,African-American,10,0,0,1,F,1
Male,54,Greater than 45,African-American,4,0,0,0,M,1
Male,22,Less than 25,Caucasian,2,0,0,0,M,1
Male,26,25 - 45,African-American,0,0,0,0,M,1
Female,20,Less than 25,African-American,0,0,0,0,F,0
Male,52,Greater than 45,African-American,6,0,0,0,M,1
Male,29,25 - 45,African-American,0,0,0,0,F,0
Female,23,Less than 25,African-American,6,0,0,0,M,0
Male,35,25 - 45,African-American,1,0,0,0,M,0
Male,32,25 - 45,Caucasian,8,0,0,0,F,1
Male,21,Less than 25,African-American,1,0,0,0,M,1
Male,30,25 - 45,African-American,4,0,0,0,M,1
Female,30,25 - 45,African-American,3,0,0,0,F,0
Male,23,Less than 25,African-American,2,0,0,0,F,1
Male,32,25 - 45,Caucasian,8,1,0,0,F,0
Male,29,25 - 45,African-American,6,0,0,0,F,1
Male,42,25 - 45,Caucasian,0,0,0,0,M,0
Male,21,Less than 25,African-American,0,0,0,1,F,1
Female,22,Less than 25,African-American,0,0,0,0,M,0
Male,29,25 - 45,African-American,0,0,0,0,M,0
Male,30,25 - 45,African-American,6,0,0,0,F,1
Male,51,Greater than 45,African-American,17,0,0,0,M,0
Male,24,Less than 25,Caucasian,2,0,0,0,F,0
Male,23,Less than 25,African-American,2,0,0,0,M,0
Male,36,25 - 45,African-American,5,0,0,0,F,0
Male,39,25 - 45,African-American,1,0,0,0,F,0
Male,29,25 - 45,African-American,2,0,0,0,F,0
Male,44,25 - 45,Caucasian,6,0,0,0,F,0
Male,25,25 - 45,African-American,2,0,0,0,F,0
Male,31,25 - 45,African-American,0,0,0,0,F,0
Male,35,25 - 45,African-American,17,0,1,0,M,1
Male,27,25 - 45,African-American,11,0,0,0,M,1
Male,33,25 - 45,African-American,1,0,0,0,F,0
Male,28,25 - 45,African-American,6,0,0,0,F,1
Male,60,Greater than 45,Caucasian,1,0,0,0,F,0
Female,54,Greater than 45,African-American,0,0,0,0,F,0
Male,24,Less than 25,Caucasian,3,1,2,0,M,0
Female,75,Greater than 45,African-American,5,0,0,0,F,0
Male,36,25 - 45,African-American,16,0,0,0,F,1
Female,25,25 - 45,African-American,5,0,0,0,M,1
Male,46,Greater than 45,Caucasian,0,0,0,0,F,0
Male,27,25 - 45,African-American,1,0,0,0,F,0
Male,28,25 - 45,African-American,3,0,0,0,M,1
Male,42,25 - 45,African-American,13,1,0,1,M,1
Male,59,Greater than 45,African-American,2,0,0,0,M,0
Male,39,25 - 45,Caucasian,1,0,0,0,F,0
Male,46,Greater than 45,Caucasian,5,0,0,0,M,0
Male,55,Greater than 45,Caucasian,2,0,0,0,F,0
Male,35,25 - 45,African-American,1,0,0,0,M,1
Male,43,25 - 45,African-American,0,0,0,0,M,1
Female,53,Greater than 45,Caucasian,0,0,0,0,M,0
Female,21,Less than 25,African-American,0,0,0,0,M,0
Male,55,Greater than 45,African-American,17,0,0,0,F,1
Male,27,25 - 45,African-American,1,0,0,0,F,1
Male,40,25 - 45,African-American,0,0,0,0,F,0
Female,37,25 - 45,Caucasian,0,0,0,0,M,0
Male,32,25 - 45,Caucasian,2,0,0,0,M,1
Male,32,25 - 45,African-American,2,0,0,0,M,0
Male,36,25 - 45,African-American,4,0,0,0,M,1
Female,31,25 - 45,African-American,0,0,0,0,F,0
Female,26,25 - 45,African-American,4,0,0,0,F,1
Female,50,Greater than 45,Caucasian,30,0,0,0,M,1
Male,47,Greater than 45,African-American,4,0,0,0,F,0
Male,36,25 - 45,African-American,2,0,0,0,F,0
Female,38,25 - 45,Caucasian,0,0,0,0,F,0
Male,53,Greater than 45,Caucasian,0,0,0,0,F,0
Male,53,Greater than 45,African-American,2,0,0,0,F,0
Male,57,Greater than 45,African-American,19,0,0,0,F,0
Male,22,Less than 25,African-American,5,0,0,0,F,1
Male,21,Less than 25,African-American,0,0,0,0,F,1
Male,26,25 - 45,African-American,0,0,0,0,F,1
Male,27,25 - 45,African-American,2,0,0,0,F,0
Female,49,Greater than 45,Caucasian,4,0,0,0,F,0
Male,47,Greater than 45,Caucasian,1,0,0,0,F,1
Male,30,25 - 45,African-American,8,0,0,0,F,1
Male,44,25 - 45,Caucasian,3,0,0,0,F,0
Male,34,25 - 45,African-American,1,0,0,0,F,0
Male,45,Greater than 45,African-American,10,0,0,0,F,1
Male,50,Greater than 45,Caucasian,2,0,0,0,M,0
Male,29,25 - 45,Caucasian,1,0,0,0,M,0
Male,26,25 - 45,Caucasian,0,0,0,0,F,0
Female,22,Less than 25,African-American,1,0,0,0,F,1
Male,49,Greater than 45,Caucasian,0,0,0,0,F,0
Male,49,Greater than 45,African-American,1,0,0,0,F,1
Male,59,Greater than 45,Caucasian,2,0,0,0,F,0
Male,32,25 - 45,Caucasian,6,0,0,0,M,0
Male,24,Less than 25,African-American,1,0,0,2,M,1
Male,32,25 - 45,African-American,0,0,0,0,F,0
Male,27,25 - 45,African-American,9,0,0,1,F,1
Male,25,25 - 45,Caucasian,2,0,0,0,M,0
Male,20,Less than 25,Caucasian,0,0,0,0,M,1
Male,37,25 - 45,African-American,18,2,0,0,M,0
Female,30,25 - 45,Caucasian,5,0,0,0,F,1
Male,23,Less than 25,African-American,1,0,0,0,F,1
Female,20,Less than 25,African-American,0,0,0,0,F,0
Male,50,Greater than 45,Caucasian,8,0,0,0,F,0
Male,50,Greater than 45,African-American,7,0,0,0,F,0
Male,40,25 - 45,Caucasian,3,0,0,0,F,0
Female,24,Less than 25,Caucasian,2,0,0,0,F,0
Female,23,Less than 25,African-American,3,0,0,0,F,1
Male,54,Greater than 45,Caucasian,3,0,0,0,M,1
Male,25,25 - 45,Caucasian,4,0,0,2,M,0
Male,46,Greater than 45,Caucasian,1,0,0,0,M,0
Female,22,Less than 25,Caucasian,0,0,0,0,M,0
Female,32,25 - 45,Caucasian,1,0,0,0,F,0
Male,25,25 - 45,African-American,0,0,0,0,M,1
Male,33,25 - 45,African-American,16,0,0,0,F,1
Male,33,25 - 45,African-American,4,0,0,0,M,1
Male,24,Less than 25,African-American,0,0,0,0,F,0
Male,33,25 - 45,African-American,12,0,0,1,M,1
Male,37,25 - 45,Caucasian,0,0,0,0,M,0
Female,40,25 - 45,Caucasian,0,0,0,0,M,0
Male,43,25 - 45,African-American,9,0,0,0,F,1
Male,35,25 - 45,African-American,5,0,0,0,F,1
Male,25,25 - 45,African-American,11,0,1,0,F,1
Male,61,Greater than 45,African-American,1,0,0,0,F,1
Female,52,Greater than 45,African-American,1,0,0,0,F,0
Male,39,25 - 45,African-American,1,0,0,0,M,1
Male,47,Greater than 45,African-American,5,0,0,0,F,0
Female,52,Greater than 45,Caucasian,6,0,0,0,M,0
Male,37,25 - 45,Caucasian,0,0,0,0,M,0
Female,24,Less than 25,African-American,0,0,0,0,F,0
Female,34,25 - 45,African-American,14,0,0,0,F,0
Male,25,25 - 45,Caucasian,1,0,0,0,M,1
Female,62,Greater than 45,Caucasian,0,0,0,0,M,0
Male,23,Less than 25,Caucasian,0,0,0,0,F,1
Female,60,Greater than 45,Caucasian,0,0,0,0,F,0
Male,35,25 - 45,Caucasian,0,0,0,0,M,0
Female,24,Less than 25,African-American,0,0,0,0,F,0
Male,30,25 - 45,Caucasian,0,0,0,0,M,0
Male,35,25 - 45,Caucasian,4,0,0,0,F,1
Female,28,25 - 45,Caucasian,0,0,0,0,M,0
Male,56,Greater than 45,African-American,0,0,0,0,F,0
Male,23,Less than 25,African-American,2,0,0,0,F,1
Male,23,Less than 25,Caucasian,1,0,1,0,M,0
Male,21,Less than 25,African-American,0,0,0,0,F,1
Female,35,25 - 45,African-American,2,0,0,0,F,0
Male,33,25 - 45,Caucasian,3,0,0,0,M,0
Male,41,25 - 45,African-American,9,2,1,0,M,0
Male,24,Less than 25,African-American,0,0,0,0,F,0
Male,28,25 - 45,African-American,9,0,0,0,F,1
Male,49,Greater than 45,African-American,3,0,0,0,F,0
Male,21,Less than 25,African-American,0,0,0,0,F,1
Female,27,25 - 45,African-American,3,0,0,0,F,1
Male,50,Greater than 45,African-American,4,0,0,0,M,0
Female,23,Less than 25,African-American,0,0,0,0,M,0
Male,34,25 - 45,Caucasian,0,0,0,0,M,0
Male,25,25 - 45,African-American,4,0,0,1,F,1
Female,33,25 - 45,Caucasian,2,0,0,0,F,1
Female,29,25 - 45,Caucasian,11,0,0,0,F,1
Female,32,25 - 45,African-American,6,0,0,0,F,1
Male,52,Greater than 45,African-American,3,0,0,0,F,0
Female,26,25 - 45,Caucasian,3,0,0,0,M,0
Male,31,25 - 45,Caucasian,2,0,0,0,F,1
Female,30,25 - 45,Caucasian,0,0,0,0,F,0
Male,20,Less than 25,African-American,0,0,0,0,M,1
Male,31,25 - 45,Caucasian,0,0,0,0,F,0
Female,37,25 - 45,Caucasian,1,0,0,0,M,0
Male,49,Greater than 45,Caucasian,8,0,0,0,F,1
Female,33,25 - 45,African-American,1,0,0,0,F,0
Male,42,25 - 45,African-American,0,0,0,0,M,0
Male,44,25 - 45,Caucasian,0,0,0,0,F,1
Male,28,25 - 45,African-American,5,0,0,0,F,1
Male,32,25 - 45,African-American,4,0,0,0,F,1
Male,28,25 - 45,African-American,7,0,0,0,F,1
Male,38,25 - 45,Caucasian,0,0,0,0,F,0
Male,38,25 - 45,African-American,3,0,0,0,F,0
Female,34,25 - 45,African-American,0,0,0,0,M,0
Male,21,Less than 25,Caucasian,1,0,0,0,F,1
Male,36,25 - 45,African-American,1,0,0,0,F,1
Male,29,25 - 45,African-American,0,0,0,0,M,1
Male,34,25 - 45,African-American,3,0,0,1,F,1
Male,38,25 - 45,African-American,1,0,0,0,M,0
Male,36,25 - 45,Caucasian,0,0,0,0,F,0
Male,23,Less than 25,African-American,0,0,0,0,M,0
Male,47,Greater than 45,Caucasian,0,0,0,0,M,0
Male,20,Less than 25,African-American,0,0,0,0,F,0
Female,25,25 - 45,African-American,2,0,0,0,F,1
Male,35,25 - 45,African-American,0,0,0,0,M,0
Female,28,25 - 45,Caucasian,1,0,0,0,M,0
Male,24,Less than 25,African-American,2,0,0,0,M,1
Male,22,Less than 25,African-American,0,0,0,0,F,0
Male,60,Greater than 45,African-American,12,0,0,0,F,0
Male,33,25 - 45,African-American,6,0,0,0,M,0
Male,34,25 - 45,African-American,2,0,0,0,M,1
Male,24,Less than 25,Caucasian,4,0,0,0,M,0
Male,27,25 - 45,African-American,0,0,0,0,M,1
Male,29,25 - 45,African-American,4,1,1,1,F,1
Male,21,Less than 25,Caucasian,1,1,0,1,F,1
Female,42,25 - 45,Caucasian,0,0,0,0,F,1
Male,32,25 - 45,African-American,1,0,0,0,F,0
Male,30,25 - 45,Caucasian,3,0,0,0,M,0
Male,22,Less than 25,African-American,1,0,0,0,F,1
Male,20,Less than 25,Caucasian,0,0,0,0,M,1
Male,57,Greater than 45,Caucasian,0,0,0,0,M,0
Male,51,Greater than 45,Caucasian,3,0,0,0,F,1
Male,21,Less than 25,African-American,0,0,0,0,F,0
Male,22,Less than 25,African-American,0,0,0,0,F,0
Male,35,25 - 45,African-American,4,0,0,0,F,1
Male,58,Greater than 45,Caucasian,2,0,0,0,F,0
Female,32,25 - 45,Caucasian,0,0,0,0,F,1
Male,30,25 - 45,Caucasian,9,0,0,0,M,1
Male,20,Less than 25,African-American,0,0,0,0,F,1
Female,45,Greater than 45,Caucasian,5,0,0,0,M,0
Male,31,25 - 45,African-American,4,0,0,0,F,1
Female,53,Greater than 45,Caucasian,1,0,0,0,M,0
Male,44,25 - 45,Caucasian,0,0,0,0,M,0
Female,44,25 - 45,Caucasian,1,0,0,0,M,0
Male,21,Less than 25,Caucasian,0,0,0,0,F,1
Male,28,25 - 45,African-American,0,0,0,0,M,0
Male,28,25 - 45,Caucasian,2,0,0,0,M,0
Male,24,Less than 25,African-American,0,0,0,0,F,1
Male,28,25 - 45,African-American,0,0,0,0,F,0
Male,53,Greater than 45,Caucasian,4,0,0,0,F,0
Male,20,Less than 25,African-American,1,0,0,0,F,0
Male,21,Less than 25,African-American,0,0,0,0,M,0
Male,37,25 - 45,Caucasian,1,0,0,0,M,1
Male,30,25 - 45,Caucasian,0,0,0,0,M,0
Male,26,25 - 45,Caucasian,2,0,0,0,F,1
Female,26,25 - 45,African-American,5,0,0,0,F,1
Female,39,25 - 45,African-American,1,0,0,0,F,0
Male,44,25 - 45,African-American,2,0,0,0,F,0
Male,45,Greater than 45,Caucasian,0,0,0,0,M,0
Male,30,25 - 45,African-American,1,0,0,0,F,0
Male,23,Less than 25,Caucasian,6,0,0,0,F,1
Male,42,25 - 45,African-American,0,0,0,0,F,0
Male,54,Greater than 45,Caucasian,4,0,0,0,M,0
Male,47,Greater than 45,African-American,7,0,0,0,F,1
Male,26,25 - 45,Caucasian,0,0,0,0,F,1
Male,29,25 - 45,Caucasian,7,0,0,0,M,1
Male,51,Greater than 45,Caucasian,7,0,0,0,F,1
Male,44,25 - 45,African-American,0,0,0,0,M,0
Male,49,Greater than 45,Caucasian,12,0,0,0,M,0
Male,22,Less than 25,African-American,0,0,0,0,F,1
Male,32,25 - 45,African-American,4,0,0,0,M,1
Male,27,25 - 45,African-American,0,0,0,0,M,0
Male,30,25 - 45,Caucasian,0,0,0,0,M,0
Female,51,Greater than 45,Caucasian,5,0,0,0,F,0
Male,27,25 - 45,African-American,4,0,0,0,F,1
Male,32,25 - 45,African-American,0,0,0,0,F,1
Male,43,25 - 45,African-American,2,0,0,0,F,0
Male,37,25 - 45,Caucasian,2,0,0,0,F,0
Male,26,25 - 45,African-American,0,0,0,0,F,1
Male,26,25 - 45,African-American,0,0,0,0,M,0
Female,58,Greater than 45,African-American,4,0,0,0,F,0
Female,22,Less than 25,Caucasian,1,0,0,1,M,0
Male,21,Less than 25,African-American,2,2,0,1,F,1
Male,31,25 - 45,Caucasian,0,0,0,0,F,1
Male,43,25 - 45,Caucasian,2,0,0,0,F,0
Male,23,Less than 25,African-American,0,0,0,0,M,0
Male,25,25 - 45,Caucasian,0,0,0,0,F,0
Male,22,Less than 25,African-American,6,0,0,0,F,0
Male,30,25 - 45,African-American,6,0,0,0,F,0
Male,25,25 - 45,African-American,15,0,3,1,F,1
Male,20,Less than 25,African-American,0,0,0,1,F,1
Male,33,25 - 45,African-American,1,0,0,0,F,1
Male,59,Greater than 45,African-American,1,0,0,0,F,0
Male,53,Greater than 45,African-American,8,0,0,0,F,1
Male,34,25 - 45,Caucasian,2,0,0,0,M,0
Male,36,25 - 45,Caucasian,6,0,0,0,F,0
Male,23,Less than 25,African-American,0,0,0,0,F,0
Male,32,25 - 45,African-American,2,0,0,0,M,0
Male,32,25 - 45,African-American,11,0,0,0,M,1
Female,24,Less than 25,Caucasian,0,0,0,0,M,0
Male,30,25 - 45,African-American,7,0,0,0,F,1
Male,28,25 - 45,African-American,1,0,0,0,M,0
Male,43,25 - 45,Caucasian,4,0,0,0,F,1
Male,35,25 - 45,African-American,3,0,0,0,M,0
Male,19,Less than 25,African-American,2,3,0,0,F,1
Male,22,Less than 25,African-American,1,0,0,0,M,1
Male,29,25 - 45,African-American,0,0,0,0,F,0
Female,23,Less than 25,African-American,0,0,0,0,M,0
Female,33,25 - 45,Caucasian,0,0,0,0,M,0
Male,35,25 - 45,African-American,1,0,0,0,M,0
Male,53,Greater than 45,Caucasian,0,0,0,0,F,0
Male,59,Greater than 45,Caucasian,17,0,0,0,F,1
Female,48,Greater than 45,Caucasian,0,0,0,0,M,0
Female,33,25 - 45,African-American,1,0,0,0,F,0
Male,44,25 - 45,Caucasian,0,0,0,0,M,0
Male,31,25 - 45,Caucasian,10,0,0,0,F,1
Male,28,25 - 45,African-American,2,0,0,1,F,1
Male,23,Less than 25,African-American,0,0,0,0,F,1
Male,26,25 - 45,Caucasian,0,0,0,0,F,0
Male,22,Less than 25,African-American,3,0,3,0,F,0
Male,29,25 - 45,African-American,0,0,0,0,M,0
Male,20,Less than 25,African-American,2,0,1,1,F,1
Male,44,25 - 45,Caucasian,0,0,0,0,M,0
Male,41,25 - 45,African-American,2,0,0,0,F,0
Female,28,25 - 45,African-American,4,0,0,1,F,0
Male,27,25 - 45,Caucasian,1,0,0,0,M,1
Male,31,25 - 45,Caucasian,7,0,0,0,M,0
Male,26,25 - 45,African-American,3,0,0,0,F,1
Male,20,Less than 25,African-American,0,0,0,2,F,0
Male,55,Greater than 45,Caucasian,2,0,0,0,M,1
Male,36,25 - 45,African-American,0,0,0,0,F,0
Male,23,Less than 25,African-American,1,1,0,0,M,0
Male,34,25 - 45,African-American,19,0,2,1,F,1
Female,59,Greater than 45,Caucasian,1,0,0,0,F,0
Male,37,25 - 45,Caucasian,0,0,0,0,F,1
Female,28,25 - 45,Caucasian,0,0,0,0,F,1
Male,31,25 - 45,African-American,0,0,0,0,F,0
Female,38,25 - 45,African-American,14,0,0,0,F,1
Male,33,25 - 45,African-American,0,0,0,0,F,1
Male,27,25 - 45,African-American,3,0,0,0,F,1
Male,25,25 - 45,Caucasian,2,0,0,0,M,1
Female,42,25 - 45,African-American,2,0,0,0,F,0
Male,22,Less than 25,African-American,3,0,0,0,F,1
Male,45,Greater than 45,Caucasian,1,0,0,0,F,1
Female,21,Less than 25,African-American,1,0,0,0,M,1
Male,52,Greater than 45,Caucasian,2,0,0,0,M,0
Male,29,25 - 45,Caucasian,0,0,0,0,M,0
Female,37,25 - 45,African-American,0,0,0,0,M,0
Male,34,25 - 45,Caucasian,0,0,0,1,F,0
Male,53,Greater than 45,African-American,0,0,0,0,M,1
Female,30,25 - 45,African-American,8,0,0,0,F,1
Male,28,25 - 45,Caucasian,1,0,0,0,F,0
Male,21,Less than 25,African-American,1,0,0,0,F,0
Male,22,Less than 25,African-American,1,0,0,0,F,0
Male,42,25 - 45,Caucasian,1,0,0,0,M,1
Male,26,25 - 45,African-American,3,0,0,0,F,1
Male,54,Greater than 45,African-American,9,0,0,0,M,0
Male,30,25 - 45,African-American,20,2,0,0,F,1
Female,26,25 - 45,African-American,1,0,0,0,F,1
Male,41,25 - 45,African-American,0,0,0,0,M,0
Male,23,Less than 25,Caucasian,5,1,0,1,M,1
Male,43,25 - 45,Caucasian,1,0,0,0,F,1
Male,22,Less than 25,African-American,0,0,0,0,M,1
Female,27,25 - 45,Caucasian,6,0,0,0,F,1
Female,42,25 - 45,African-American,2,0,0,0,M,0
Male,25,25 - 45,African-American,8,0,0,0,F,1
Male,49,Greater than 45,African-American,4,0,0,0,M,0
Male,52,Greater than 45,Caucasian,1,0,0,0,F,0
Female,60,Greater than 45,Caucasian,2,0,0,0,F,0
Female,23,Less than 25,African-American,0,0,0,0,M,0
Male,30,25 - 45,African-American,2,0,0,0,M,0
Male,48,Greater than 45,African-American,9,0,0,0,F,1
Male,32,25 - 45,African-American,2,0,0,0,F,1
Male,24,Less than 25,African-American,5,0,0,0,F,1
Male,22,Less than 25,African-American,3,0,0,0,F,1
Male,44,25 - 45,African-American,2,0,0,0,F,0
Male,32,25 - 45,Caucasian,3,0,0,0,F,0
Female,27,25 - 45,African-American,1,0,0,0,M,0
Male,52,Greater than 45,African-American,15,0,0,0,M,1
Male,61,Greater than 45,Caucasian,3,0,0,0,M,1
Male,69,Greater than 45,African-American,3,0,0,0,M,0
Female,21,Less than 25,Caucasian,1,0,0,0,F,0
Male,31,25 - 45,Caucasian,2,1,0,0,M,1
Male,19,Less than 25,African-American,3,0,2,0,F,1
Male,24,Less than 25,African-American,12,0,5,0,M,1
Male,24,Less than 25,Caucasian,3,0,0,0,F,1
Male,30,25 - 45,Caucasian,6,0,0,0,F,0
Male,43,25 - 45,African-American,4,0,0,0,F,1
Male,24,Less than 25,African-American,4,0,0,1,F,0
Female,30,25 - 45,Caucasian,7,0,0,0,M,0
Male,25,25 - 45,African-American,5,0,0,0,F,1
Female,56,Greater than 45,Caucasian,1,0,0,0,F,0
Male,21,Less than 25,African-American,1,0,0,0,F,0
Male,31,25 - 45,African-American,6,3,0,0,F,1
Female,23,Less than 25,African-American,1,0,0,0,F,0
Male,30,25 - 45,African-American,15,1,0,2,F,1
Male,64,Greater than 45,Caucasian,0,0,0,0,F,0
Female,21,Less than 25,Caucasian,0,0,0,0,F,1
Male,36,25 - 45,African-American,5,0,0,0,F,0
Female,50,Greater than 45,African-American,1,0,0,0,F,0
Male,23,Less than 25,African-American,0,0,0,0,M,1
Female,25,25 - 45,Caucasian,5,0,0,0,F,0
Male,54,Greater than 45,Caucasian,14,0,0,0,M,1
Male,25,25 - 45,Caucasian,5,0,0,1,M,1
Male,63,Greater than 45,Caucasian,0,0,0,0,M,1
Male,35,25 - 45,African-American,2,0,0,0,M,0
Male,25,25 - 45,African-American,8,0,0,0,M,1
Male,33,25 - 45,Caucasian,0,0,0,0,M,0
Male,29,25 - 45,African-American,7,0,0,0,F,0
Male,37,25 - 45,African-American,12,1,0,1,M,1
Female,20,Less than 25,Caucasian,3,0,2,1,M,1
Male,32,25 - 45,African-American,1,0,0,0,F,1
Male,72,Greater than 45,Caucasian,1,0,0,0,M,0
Male,38,25 - 45,Caucasian,0,0,0,0,F,0
Male,40,25 - 45,Caucasian,0,0,0,0,F,0
Male,23,Less than 25,Caucasian,0,0,0,0,F,0
Male,21,Less than 25,Caucasian,5,0,0,0,F,1
Male,27,25 - 45,Caucasian,4,0,0,0,F,1
Male,55,Greater than 45,Caucasian,13,0,0,0,F,1
Female,41,25 - 45,Caucasian,0,0,0,0,M,0
Male,56,Greater than 45,Caucasian,1,0,0,0,M,0
Male,55,Greater than 45,Caucasian,11,0,0,0,M,0
Male,28,25 - 45,African-American,3,0,0,0,F,0
Male,53,Greater than 45,Caucasian,0,0,0,0,M,0
Male,27,25 - 45,African-American,6,0,0,0,F,1
Male,22,Less than 25,Caucasian,0,0,0,0,F,1
Female,22,Less than 25,African-American,0,0,0,1,F,1
Male,33,25 - 45,African-American,7,0,0,0,M,1
Male,34,25 - 45,African-American,15,0,0,0,F,0
Male,32,25 - 45,African-American,12,0,0,0,F,0
Male,47,Greater than 45,African-American,14,4,0,1,F,1
Male,25,25 - 45,African-American,14,0,4,4,F,1
Male,56,Greater than 45,Caucasian,0,0,0,0,F,0
Male,28,25 - 45,African-American,4,0,0,0,F,1
Male,20,Less than 25,African-American,2,2,0,0,F,1
Female,29,25 - 45,African-American,11,0,0,0,F,0
Male,72,Greater than 45,Caucasian,3,0,0,0,F,0
Female,24,Less than 25,African-American,2,0,0,0,M,1
Male,45,Greater than 45,African-American,3,0,0,0,F,0
Male,30,25 - 45,African-American,7,0,0,0,M,1
Male,45,Greater than 45,African-American,0,0,0,0,M,0
Male,47,Greater than 45,Caucasian,0,0,0,0,M,0
Male,24,Less than 25,African-American,0,0,0,0,F,1
Male,20,Less than 25,African-American,0,0,0,0,M,1
Male,51,Greater than 45,Caucasian,6,0,0,0,F,1
Female,49,Greater than 45,Caucasian,2,0,0,0,M,1
Male,41,25 - 45,Caucasian,5,0,0,0,F,0
Male,49,Greater than 45,Caucasian,1,0,0,0,F,0
Female,28,25 - 45,African-American,0,0,0,0,M,0
Male,33,25 - 45,Caucasian,2,0,0,0,M,0
Male,46,Greater than 45,African-American,0,0,0,0,F,0
Male,21,Less than 25,African-American,0,0,0,0,M,0
Male,26,25 - 45,African-American,14,0,1,3,F,1
Male,58,Greater than 45,African-American,24,0,0,0,F,1
Female,20,Less than 25,African-American,2,0,0,3,F,1
Male,28,25 - 45,African-American,0,0,0,0,M,1
Male,21,Less than 25,Caucasian,0,0,0,0,F,1
Male,34,25 - 45,African-American,3,0,0,0,M,0
Male,32,25 - 45,African-American,15,2,0,0,F,1
Male,38,25 - 45,African-American,10,0,0,1,F,1
Male,22,Less than 25,African-American,0,0,0,0,F,0
Male,42,25 - 45,Caucasian,2,0,0,0,F,1
Female,57,Greater than 45,Caucasian,0,0,0,0,M,0
Female,56,Greater than 45,Caucasian,1,0,0,0,F,0
Male,30,25 - 45,African-American,11,0,2,2,F,0
Male,29,25 - 45,African-American,2,0,0,0,M,0
Male,46,Greater than 45,African-American,15,0,0,1,F,1
Female,24,Less than 25,African-American,0,0,0,0,F,0
Female,70,Greater than 45,African-American,1,0,0,0,F,0
Female,45,Greater than 45,Caucasian,1,0,0,0,M,0
Female,39,25 - 45,African-American,6,0,1,0,F,0
Male,25,25 - 45,Caucasian,6,0,1,0,F,0
Male,46,Greater than 45,Caucasian,0,0,0,0,F,0
Male,28,25 - 45,Caucasian,0,0,0,0,M,1
Male,27,25 - 45,African-American,1,0,0,0,F,0
Male,43,25 - 45,Caucasian,11,0,0,0,F,1
Male,30,25 - 45,African-American,9,0,0,0,F,1
Male,29,25 - 45,Caucasian,1,0,0,0,F,0
Male,54,Greater than 45,African-American,8,0,0,0,F,1
Female,20,Less than 25,Caucasian,0,0,0,0,F,0
Male,29,25 - 45,African-American,0,0,0,0,F,0
Male,24,Less than 25,African-American,8,0,2,1,F,1
Male,45,Greater than 45,African-American,2,0,0,0,M,0
Male,31,25 - 45,African-American,5,0,0,0,F,1
Male,23,Less than 25,Caucasian,0,0,0,0,F,1
Male,21,Less than 25,African-American,0,0,0,0,F,1
Male,61,Greater than 45,Caucasian,0,0,0,0,M,0
Female,51,Greater than 45,Caucasian,5,0,0,0,M,1
Male,43,25 - 45,Caucasian,9,0,0,0,F,0
Male,36,25 - 45,African-American,0,0,0,0,F,0
Male,58,Greater than 45,Caucasian,3,0,0,0,F,1
Male,57,Greater than 45,African-American,12,0,0,0,F,0
Male,37,25 - 45,African-American,2,0,0,0,F,0
Male,44,25 - 45,African-American,6,0,0,0,F,0
Male,45,Greater than 45,African-American,8,0,0,0,F,1
Male,26,25 - 45,African-American,13,0,1,1,F,1
Male,34,25 - 45,Caucasian,9,1,0,0,F,1
Male,25,25 - 45,African-American,0,0,0,0,F,0
Male,31,25 - 45,African-American,8,0,0,0,M,1
Male,43,25 - 45,African-American,1,0,0,0,F,0
Male,30,25 - 45,African-American,0,0,0,0,M,0
Male,50,Greater than 45,Caucasian,0,0,0,0,M,0
Female,31,25 - 45,African-American,2,0,0,0,F,0
Female,33,25 - 45,Caucasian,7,0,0,0,M,0
Male,32,25 - 45,African-American,1,0,0,0,F,1
Female,46,Greater than 45,Caucasian,0,0,0,0,M,1
Male,37,25 - 45,African-American,8,0,0,0,F,1
Female,32,25 - 45,Caucasian,6,0,0,0,F,1
Female,23,Less than 25,African-American,2,0,0,0,F,1
Male,21,Less than 25,Caucasian,0,0,0,0,F,0
Male,49,Greater than 45,Caucasian,2,0,0,0,M,0
Male,55,Greater than 45,Caucasian,3,0,0,0,F,1
Male,22,Less than 25,African-American,0,0,0,0,F,0
Female,31,25 - 45,African-American,7,0,0,0,F,1
Male,22,Less than 25,Caucasian,0,0,0,1,M,1
Male,28,25 - 45,African-American,5,0,0,0,M,0
Male,21,Less than 25,African-American,1,0,0,0,F,1
Male,30,25 - 45,African-American,21,0,2,0,F,1
Male,22,Less than 25,African-American,13,0,0,1,F,1
Male,35,25 - 45,African-American,23,0,1,0,F,1
Male,28,25 - 45,African-American,11,2,1,0,F,0
Male,24,Less than 25,African-American,1,0,0,0,F,0
Male,32,25 - 45,African-American,24,1,3,0,F,1
Female,24,Less than 25,African-American,1,0,0,0,F,0
Male,57,Greater than 45,African-American,19,0,0,0,F,0
Male,28,25 - 45,Caucasian,0,0,0,0,F,0
Male,51,Greater than 45,Caucasian,0,0,0,0,M,0
Male,26,25 - 45,African-American,0,0,0,0,M,1
Male,20,Less than 25,African-American,0,0,0,3,F,1
Male,25,25 - 45,African-American,6,0,1,0,M,0
Male,19,Less than 25,Caucasian,0,0,0,0,M,1
Male,49,Greater than 45,Caucasian,1,0,0,0,F,1
Male,57,Greater than 45,African-American,27,0,0,0,M,0
Female,27,25 - 45,African-American,0,0,0,0,M,0
Male,66,Greater than 45,Caucasian,1,0,0,0,M,0
Male,21,Less than 25,Caucasian,0,0,0,0,F,0
Male,45,Greater than 45,Caucasian,1,0,0,0,F,0
Male,37,25 - 45,African-American,24,2,3,0,F,0
Male,44,25 - 45,Caucasian,13,0,0,0,F,1
Male,64,Greater than 45,African-American,0,0,0,0,F,0
Male,30,25 - 45,African-American,1,0,0,0,F,1
Male,61,Greater than 45,African-American,1,0,0,0,M,0
Female,49,Greater than 45,Caucasian,8,0,0,0,F,0
Male,23,Less than 25,African-American,0,0,0,0,F,0
Male,21,Less than 25,Caucasian,0,0,0,0,F,1
Female,30,25 - 45,Caucasian,2,0,0,0,F,1
Male,27,25 - 45,African-American,2,0,0,1,M,0
Male,38,25 - 45,Caucasian,1,0,0,0,M,0
Male,48,Greater than 45,African-American,14,0,0,0,F,1
Male,26,25 - 45,Caucasian,0,0,0,0,M,0
Male,24,Less than 25,African-American,4,0,1,0,F,1
Female,28,25 - 45,African-American,2,0,0,0,F,1
Female,44,25 - 45,Caucasian,4,0,0,0,F,1
Male,23,Less than 25,Caucasian,2,0,0,1,F,0
Female,34,25 - 45,Caucasian,1,0,0,0,F,1
Male,20,Less than 25,Caucasian,1,0,1,0,F,1
Female,36,25 - 45,African-American,0,0,0,0,M,0
Male,58,Greater than 45,Caucasian,1,0,0,0,F,0
Female,35,25 - 45,Caucasian,4,0,0,0,F,0
Male,23,Less than 25,African-American,3,0,0,0,F,0
Male,40,25 - 45,Caucasian,1,0,0,0,F,0
Male,23,Less than 25,African-American,3,0,0,0,M,1
Male,27,25 - 45,Caucasian,0,0,0,0,M,1
Female,26,25 - 45,African-American,3,0,0,0,F,0
Male,49,Greater than 45,African-American,1,0,0,0,F,0
Male,47,Greater than 45,African-American,6,0,0,0,F,0
Male,34,25 - 45,African-American,7,0,0,0,F,1
Male,27,25 - 45,African-American,10,0,0,0,F,0
Female,52,Greater than 45,Caucasian,0,0,0,0,M,0
Male,26,25 - 45,African-American,0,0,0,0,M,1
Male,25,25 - 45,African-American,9,0,0,1,F,0
Male,51,Greater than 45,African-American,1,0,0,0,F,0
Female,29,25 - 45,African-American,1,0,0,0,M,0
Male,46,Greater than 45,Caucasian,0,0,0,0,F,0
Male,28,25 - 45,Caucasian,6,0,0,0,F,0
Male,57,Greater than 45,African-American,0,0,0,0,F,0
Male,34,25 - 45,African-American,27,0,0,0,F,1
Male,27,25 - 45,African-American,3,0,0,0,F,0
Male,25,25 - 45,African-American,7,0,0,1,M,1
Male,31,25 - 45,Caucasian,1,0,0,0,F,1
Male,37,25 - 45,African-American,8,0,0,0,F,0
Male,51,Greater than 45,African-American,0,0,0,0,F,1
Male,28,25 - 45,African-American,8,0,1,0,F,0
Male,56,Greater than 45,Caucasian,4,0,0,0,F,0
Male,45,Greater than 45,African-American,15,0,0,0,F,1
Male,26,25 - 45,Caucasian,7,0,0,0,F,1
Male,33,25 - 45,Caucasian,7,0,0,0,F,1
Male,23,Less than 25,Caucasian,0,0,0,3,M,0
Male,31,25 - 45,African-American,0,0,0,0,M,0
Male,32,25 - 45,Caucasian,0,0,0,0,F,0
Male,30,25 - 45,Caucasian,1,0,0,0,M,1
Male,66,Greater than 45,Caucasian,1,0,0,0,F,0
Female,40,25 - 45,African-American,0,0,0,0,F,0
Male,59,Greater than 45,African-American,4,0,0,0,M,0
Male,27,25 - 45,African-American,3,0,0,0,M,0
Male,22,Less than 25,African-American,0,0,0,0,F,0
Male,58,Greater than 45,Caucasian,1,0,0,0,F,0
Male,29,25 - 45,Caucasian,2,0,0,0,F,0
Male,27,25 - 45,African-American,0,0,0,0,F,1
Male,24,Less than 25,Caucasian,0,0,0,0,F,0
Female,35,25 - 45,Caucasian,3,0,1,0,F,0
Male,29,25 - 45,African-American,7,0,2,1,F,1
Male,30,25 - 45,African-American,5,1,0,0,F,1
Male,23,Less than 25,African-American,1,0,1,1,F,0
Male,32,25 - 45,Caucasian,2,0,0,0,F,1
Male,22,Less than 25,Caucasian,2,0,0,0,F,0
Male,21,Less than 25,African-American,0,0,0,0,M,0
Female,43,25 - 45,Caucasian,0,0,0,0,M,0
Male,29,25 - 45,African-American,0,0,0,0,F,0
Male,43,25 - 45,African-American,1,0,0,0,F,0
Male,25,25 - 45,African-American,1,0,0,0,F,0
Male,47,Greater than 45,Caucasian,0,0,0,0,M,0
Female,21,Less than 25,African-American,0,0,0,0,F,0
Male,54,Greater than 45,Caucasian,0,0,0,0,M,0
Male,34,25 - 45,African-American,3,0,0,1,F,1
Female,28,25 - 45,African-American,2,0,0,0,M,0
Female,53,Greater than 45,Caucasian,4,0,0,0,F,1
Male,54,Greater than 45,African-American,0,0,0,0,M,0
Male,34,25 - 45,African-American,2,0,0,0,F,0
Female,60,Greater than 45,Caucasian,0,0,0,0,F,1
Male,22,Less than 25,African-American,0,0,0,0,F,0
Male,51,Greater than 45,African-American,3,0,0,0,F,0
Male,29,25 - 45,African-American,0,0,0,0,F,1
Male,28,25 - 45,African-American,5,0,0,1,M,0
Male,33,25 - 45,Caucasian,0,0,0,0,F,1
Male,43,25 - 45,Caucasian,4,0,0,0,M,0
Male,32,25 - 45,Caucasian,5,0,0,0,F,1
Female,35,25 - 45,African-American,0,0,0,0,F,1
Male,23,Less than 25,African-American,1,0,0,0,F,1
Male,25,25 - 45,African-American,4,0,0,0,F,1
Male,69,Greater than 45,Caucasian,6,0,0,0,F,1
Male,47,Greater than 45,African-American,23,0,0,0,F,1
Male,29,25 - 45,African-American,13,0,1,0,F,1
Male,26,25 - 45,African-American,9,0,0,0,F,1
Male,28,25 - 45,Caucasian,0,0,0,0,F,0
Male,48,Greater than 45,Caucasian,1,0,0,0,M,1
Male,44,25 - 45,Caucasian,0,0,0,0,M,0
Male,42,25 - 45,African-American,7,0,0,0,M,0
Male,39,25 - 45,African-American,5,0,0,0,F,0
Male,55,Greater than 45,Caucasian,0,0,0,0,M,0
Male,27,25 - 45,African-American,5,0,0,0,F,1
Female,31,25 - 45,Caucasian,0,0,0,0,M,0
Male,25,25 - 45,African-American,0,0,0,0,F,0
Male,32,25 - 45,Caucasian,6,0,0,2,M,0
Male,36,25 - 45,African-American,2,0,0,0,F,0
Male,21,Less than 25,African-American,3,0,0,0,F,1
Male,39,25 - 45,Caucasian,2,0,0,0,M,0
Female,26,25 - 45,African-American,0,0,0,0,M,0
Male,28,25 - 45,African-American,8,0,0,0,F,1
Male,67,Greater than 45,Caucasian,2,0,0,0,M,1
Male,37,25 - 45,Caucasian,3,0,0,0,M,0
Male,23,Less than 25,African-American,2,0,0,0,M,1
Female,49,Greater than 45,African-American,14,0,0,0,M,1
Male,32,25 - 45,Caucasian,9,0,0,0,M,1
Male,41,25 - 45,Caucasian,9,0,0,0,M,0
Male,25,25 - 45,African-American,1,0,0,0,M,0
Male,58,Greater than 45,Caucasian,0,0,0,0,M,0
Male,44,25 - 45,African-American,19,2,0,0,M,1
Male,28,25 - 45,African-American,1,0,0,0,F,0
Female,39,25 - 45,African-American,0,0,0,0,F,1
Male,54,Greater than 45,Caucasian,0,0,0,0,F,0
Male,43,25 - 45,Caucasian,0,0,0,0,M,0
Male,31,25 - 45,African-American,5,0,0,0,M,0
Male,30,25 - 45,African-American,11,4,1,0,F,0
Male,27,25 - 45,Caucasian,4,0,1,3,M,1
Male,28,25 - 45,African-American,0,0,0,0,M,1
Male,24,Less than 25,African-American,0,0,0,0,M,0
Male,43,25 - 45,Caucasian,0,0,0,0,M,0
Male,44,25 - 45,African-American,10,0,0,0,M,1
Male,23,Less than 25,African-American,0,0,0,0,F,0
Male,36,25 - 45,Caucasian,5,0,0,0,M,1
Male,27,25 - 45,Caucasian,1,0,0,0,F,0
Male,24,Less than 25,African-American,0,0,0,0,F,1
Male,66,Greater than 45,Caucasian,0,0,0,0,M,0
Female,36,25 - 45,Caucasian,3,0,0,1,F,0
Male,23,Less than 25,Caucasian,1,0,0,0,F,1
Female,22,Less than 25,African-American,0,0,0,0,M,1
Male,56,Greater than 45,African-American,4,0,0,0,F,0
Female,58,Greater than 45,African-American,3,0,0,0,M,0
Male,24,Less than 25,Caucasian,3,0,1,2,M,0
Male,22,Less than 25,African-American,0,0,0,0,F,1
Male,39,25 - 45,Caucasian,0,0,0,0,M,0
Male,46,Greater than 45,Caucasian,10,0,0,0,F,1
Male,38,25 - 45,Caucasian,1,0,0,0,F,1
Male,23,Less than 25,Caucasian,0,0,0,0,M,1
Male,25,25 - 45,African-American,0,0,0,0,F,0
Male,31,25 - 45,African-American,19,0,0,0,F,1
Female,25,25 - 45,African-American,1,0,0,0,M,1
Male,26,25 - 45,African-American,6,0,0,0,F,0
Male,25,25 - 45,African-American,2,0,0,1,F,0
Male,37,25 - 45,Caucasian,11,0,0,0,F,1
Male,36,25 - 45,African-American,0,0,0,0,F,0
Male,26,25 - 45,African-American,1,0,0,0,F,1
Male,35,25 - 45,African-American,7,0,0,0,F,1
Male,22,Less than 25,African-American,2,0,0,0,F,1
Male,25,25 - 45,Caucasian,0,0,0,0,F,0
Male,24,Less than 25,African-American,2,0,0,0,M,1
Male,21,Less than 25,African-American,0,0,0,1,F,1
Male,32,25 - 45,Caucasian,15,2,0,1,F,1
Male,33,25 - 45,African-American,2,0,0,0,M,1
Male,33,25 - 45,African-American,10,0,0,0,F,1
Male,29,25 - 45,Caucasian,0,0,0,0,M,0
Male,50,Greater than 45,Caucasian,8,0,0,0,F,0
Male,33,25 - 45,African-American,14,0,0,0,F,1
Male,37,25 - 45,African-American,13,0,1,0,F,1
Male,27,25 - 45,African-American,9,0,0,0,F,1
Male,27,25 - 45,African-American,0,0,0,0,M,0
Male,58,Greater than 45,African-American,1,0,0,0,F,0
Male,27,25 - 45,African-American,4,0,0,0,F,0
Male,28,25 - 45,Caucasian,1,0,0,0,F,1
Female,31,25 - 45,Caucasian,0,0,0,0,M,0
Male,24,Less than 25,African-American,3,0,0,0,M,0
Male,26,25 - 45,African-American,6,0,0,0,F,1
Male,43,25 - 45,Caucasian,0,0,0,0,M,0
Male,22,Less than 25,African-American,3,0,0,0,F,1
Male,23,Less than 25,African-American,0,0,0,0,F,0
Male,42,25 - 45,Caucasian,0,0,0,0,M,0
Male,30,25 - 45,African-American,18,0,3,0,M,0
Male,29,25 - 45,African-American,1,0,0,0,F,0
Male,38,25 - 45,Caucasian,2,0,0,0,F,1
Male,26,25 - 45,Caucasian,3,0,0,1,M,0
Male,51,Greater than 45,African-American,5,0,0,0,M,0
Male,23,Less than 25,African-American,0,0,0,0,F,1
Male,34,25 - 45,African-American,7,0,0,0,F,1
Male,35,25 - 45,African-American,1,0,0,0,M,0
Male,22,Less than 25,Caucasian,0,0,0,0,F,0
Male,29,25 - 45,African-American,10,0,0,0,M,1
Male,40,25 - 45,African-American,0,0,0,0,F,0
Male,36,25 - 45,African-American,2,0,0,0,F,0
Male,26,25 - 45,African-American,8,0,0,0,F,1
Male,25,25 - 45,African-American,1,0,0,0,F,1
Male,69,Greater than 45,Caucasian,0,0,0,0,M,0
Male,27,25 - 45,African-American,1,0,1,0,F,0
Male,20,Less than 25,Caucasian,0,0,0,0,F,1
Male,27,25 - 45,African-American,1,0,0,0,F,0
Female,24,Less than 25,African-American,6,0,0,0,M,0
Male,42,25 - 45,Caucasian,0,0,0,0,F,0
Male,25,25 - 45,Caucasian,1,0,0,0,F,0
Male,25,25 - 45,African-American,0,0,0,0,F,0
Male,22,Less than 25,African-American,0,0,0,0,F,0
Male,21,Less than 25,Caucasian,0,0,0,0,F,0
Male,30,25 - 45,African-American,1,0,0,0,M,0
Male,46,Greater than 45,Caucasian,9,0,0,0,M,0
Male,26,25 - 45,African-American,2,0,0,0,M,0
Male,33,25 - 45,African-American,0,0,0,0,F,1
Male,40,25 - 45,African-American,1,0,0,0,M,0
Male,34,25 - 45,Caucasian,0,0,0,0,F,0
Male,22,Less than 25,Caucasian,1,0,0,0,F,1
Male,31,25 - 45,African-American,4,0,0,0,M,1
Male,59,Greater than 45,Caucasian,3,0,0,0,M,1
Male,50,Greater than 45,African-American,0,0,0,0,F,0
Male,57,Greater than 45,African-American,8,0,0,0,F,1
Male,31,25 - 45,African-American,5,0,0,0,M,0
Male,44,25 - 45,African-American,9,0,0,0,F,0
Male,48,Greater than 45,African-American,5,0,0,0,F,1
Female,25,25 - 45,Caucasian,0,0,0,0,F,0
Male,51,Greater than 45,African-American,5,0,0,0,M,0
Male,50,Greater than 45,Caucasian,0,0,0,0,F,1
Male,57,Greater than 45,Caucasian,2,0,0,0,F,0
Male,55,Greater than 45,Caucasian,0,0,0,0,M,0
Male,59,Greater than 45,African-American,4,0,0,0,F,1
Female,42,25 - 45,African-American,0,0,0,0,F,0
Male,32,25 - 45,African-American,21,0,0,0,F,1
Male,42,25 - 45,African-American,1,0,0,0,F,0
Male,29,25 - 45,African-American,8,0,0,0,F,1
Male,21,Less than 25,African-American,1,0,0,0,F,0
Male,58,Greater than 45,Caucasian,0,0,0,0,M,0
Male,22,Less than 25,African-American,1,0,0,1,F,1
Male,46,Greater than 45,Caucasian,1,0,0,0,M,1
Male,50,Greater than 45,Caucasian,0,0,0,0,M,1
Male,46,Greater than 45,African-American,2,0,0,0,F,0
Female,44,25 - 45,African-American,11,0,1,0,F,1
Male,35,25 - 45,African-American,4,0,0,0,M,0
Male,30,25 - 45,African-American,14,0,1,0,F,1
Male,42,25 - 45,African-American,2,0,0,0,F,0
Male,46,Greater than 45,African-American,5,0,0,0,F,1
Male,42,25 - 45,African-American,0,0,0,0,F,1
Male,29,25 - 45,Caucasian,7,0,0,0,F,1
Male,32,25 - 45,African-American,8,0,0,1,F,0
Female,33,25 - 45,African-American,1,0,0,0,M,0
Male,25,25 - 45,Caucasian,4,0,0,0,F,0
Female,33,25 - 45,African-American,0,0,0,0,M,0
Male,35,25 - 45,Caucasian,1,0,0,0,F,1
Male,56,Greater than 45,African-American,1,0,0,0,F,0
Male,38,25 - 45,Caucasian,0,0,0,0,M,1
Female,40,25 - 45,African-American,4,0,0,0,M,0
Male,28,25 - 45,African-American,4,0,0,1,F,0
Male,51,Greater than 45,African-American,0,0,0,0,M,0
Male,35,25 - 45,African-American,2,0,0,0,M,0
Male,61,Greater than 45,African-American,5,0,0,0,F,0
Male,25,25 - 45,African-American,0,0,0,0,F,0
Male,25,25 - 45,African-American,4,0,0,0,F,1
Male,26,25 - 45,African-American,0,0,0,0,M,0
Male,42,25 - 45,Caucasian,1,0,0,0,M,0
Female,25,25 - 45,African-American,1,0,0,0,F,0
Male,26,25 - 45,African-American,13,0,1,0,M,1
Male,31,25 - 45,African-American,9,0,0,0,F,0
Male,35,25 - 45,Caucasian,1,0,0,1,F,0
Male,34,25 - 45,Caucasian,0,0,0,0,F,0
Female,33,25 - 45,Caucasian,1,0,0,0,M,0
Male,30,25 - 45,African-American,3,0,0,1,F,0
Female,50,Greater than 45,African-American,7,0,0,0,M,0
Male,21,Less than 25,African-American,0,0,0,0,F,0
Male,31,25 - 45,African-American,2,0,0,0,F,1
Female,23,Less than 25,African-American,0,0,0,0,M,0
Male,25,25 - 45,African-American,1,0,0,0,F,0
Female,24,Less than 25,Caucasian,1,0,0,0,F,0
Male,31,25 - 45,African-American,13,0,0,0,M,1
Male,60,Greater than 45,African-American,0,0,0,0,F,0
Male,30,25 - 45,African-American,2,0,0,0,F,0
Male,46,Greater than 45,Caucasian,0,0,0,0,M,0
Male,21,Less than 25,Caucasian,0,0,0,1,M,1
Male,35,25 - 45,African-American,0,0,0,0,F,0
Male,23,Less than 25,African-American,1,0,0,0,F,1
Male,23,Less than 25,African-American,3,0,0,0,F,1
Male,28,25 - 45,African-American,2,0,0,0,M,0
Male,46,Greater than 45,Caucasian,2,0,0,1,M,0
Male,56,Greater than 45,African-American,1,0,0,0,F,0
Male,24,Less than 25,African-American,1,0,0,0,M,1
Female,33,25 - 45,Caucasian,0,0,0,0,M,0
Male,48,Greater than 45,Caucasian,2,0,0,0,M,0
Male,33,25 - 45,African-American,11,0,0,0,F,1
Male,30,25 - 45,African-American,7,0,1,1,F,1
Female,43,25 - 45,Caucasian,7,0,0,0,F,0
Male,32,25 - 45,Caucasian,0,0,0,0,F,0
Male,49,Greater than 45,Caucasian,4,0,0,0,F,0
Male,24,Less than 25,Caucasian,0,0,0,0,F,0
Male,26,25 - 45,African-American,1,0,0,0,F,0
Male,42,25 - 45,Caucasian,0,0,0,0,F,0
Male,22,Less than 25,African-American,1,0,0,0,F,1
Male,29,25 - 45,Caucasian,7,0,0,1,M,1
Male,39,25 - 45,Caucasian,0,0,0,0,M,0
Male,27,25 - 45,African-American,13,0,2,1,F,1
Male,38,25 - 45,Caucasian,2,0,0,0,F,1
Male,20,Less than 25,Caucasian,0,0,0,0,F,1
Male,25,25 - 45,African-American,4,2,0,0,F,1
Male,53,Greater than 45,Caucasian,0,0,0,0,M,0
Female,27,25 - 45,African-American,0,0,0,0,M,1
Male,50,Greater than 45,Caucasian,1,0,0,0,M,1
Male,41,25 - 45,African-American,4,0,0,0,F,0
Male,22,Less than 25,Caucasian,5,0,0,2,F,1
Male,22,Less than 25,Caucasian,0,0,0,2,F,1
Male,25,25 - 45,African-American,2,0,0,0,F,0
Male,42,25 - 45,African-American,1,0,0,0,F,1
Male,24,Less than 25,African-American,0,0,0,1,F,0
Male,37,25 - 45,African-American,4,0,0,0,F,0
Male,37,25 - 45,Caucasian,0,0,0,0,M,0
Male,35,25 - 45,African-American,1,0,0,0,F,1
Female,24,Less than 25,Caucasian,0,0,0,0,F,0
Male,49,Greater than 45,Caucasian,2,0,0,0,M,0
Male,38,25 - 45,African-American,9,0,0,0,F,0
Female,30,25 - 45,African-American,0,0,0,0,M,0
Male,22,Less than 25,African-American,3,0,0,0,F,0
Male,25,25 - 45,African-American,0,0,0,0,F,1
Male,52,Greater than 45,Caucasian,0,0,0,0,M,0
Male,26,25 - 45,Caucasian,0,0,0,0,F,0
Male,45,Greater than 45,Caucasian,9,0,0,0,F,1
Male,20,Less than 25,African-American,0,0,0,0,F,1
Male,29,25 - 45,African-American,4,0,0,0,F,0
Male,43,25 - 45,Caucasian,1,0,0,0,F,1
Male,26,25 - 45,Caucasian,2,0,0,0,F,0
Female,46,Greater than 45,African-American,4,0,0,0,F,0
Female,46,Greater than 45,African-American,0,0,0,0,F,0
Male,29,25 - 45,African-American,12,0,0,0,F,1
Male,41,25 - 45,Caucasian,0,0,0,0,M,0
Female,25,25 - 45,African-American,5,0,0,0,F,0
Male,23,Less than 25,African-American,2,1,0,0,F,0
Male,30,25 - 45,Caucasian,0,0,0,0,M,0
Male,34,25 - 45,Caucasian,1,0,0,0,F,0
Male,70,Greater than 45,Caucasian,11,0,0,0,F,1
Male,52,Greater than 45,Caucasian,2,0,0,0,F,0
Male,51,Greater than 45,African-American,4,0,0,0,M,0
Male,55,Greater than 45,African-American,21,0,0,0,F,1
Female,49,Greater than 45,Caucasian,1,0,0,0,F,0
Female,47,Greater than 45,Caucasian,0,0,0,0,F,0
Male,27,25 - 45,African-American,0,0,0,0,M,0
Male,25,25 - 45,Caucasian,5,0,2,0,M,1
Male,21,Less than 25,African-American,1,0,1,0,F,1
Male,37,25 - 45,African-American,26,0,0,1,F,1
Male,21,Less than 25,African-American,1,0,0,0,F,1
Male,21,Less than 25,African-American,0,0,0,0,F,0
Male,25,25 - 45,African-American,4,0,0,0,F,1
Female,27,25 - 45,African-American,3,0,0,0,F,1
Male,30,25 - 45,Caucasian,3,0,0,0,F,1
Male,70,Greater than 45,Caucasian,0,0,0,0,M,0
Male,37,25 - 45,Caucasian,11,0,0,0,F,1
Male,46,Greater than 45,African-American,5,0,0,0,F,1
Male,43,25 - 45,African-American,18,0,0,0,F,1
Male,38,25 - 45,African-American,15,0,0,0,F,0
Male,29,25 - 45,African-American,0,0,0,0,F,0
Male,37,25 - 45,African-American,8,0,0,0,M,1
Female,27,25 - 45,Caucasian,0,0,0,0,F,0
Male,31,25 - 45,Caucasian,6,0,0,0,M,0
Male,29,25 - 45,African-American,3,0,0,0,F,1
Female,30,25 - 45,African-American,0,0,0,0,M,0
Female,25,25 - 45,Caucasian,2,0,0,0,F,1
Male,40,25 - 45,African-American,3,0,0,0,F,0
Male,33,25 - 45,Caucasian,1,0,0,0,M,0
Male,26,25 - 45,Caucasian,5,0,0,0,F,1
Male,61,Greater than 45,Caucasian,1,0,0,0,M,0
Male,30,25 - 45,Caucasian,2,0,0,0,F,0
Male,62,Greater than 45,Caucasian,0,0,0,0,M,0
Female,27,25 - 45,Caucasian,4,0,0,0,M,1
Male,48,Greater than 45,Caucasian,9,0,0,0,F,0
Female,40,25 - 45,Caucasian,0,0,0,0,F,0
Male,24,Less than 25,Caucasian,0,0,0,0,F,0
Male,22,Less than 25,African-American,0,0,0,0,F,1
Male,30,25 - 45,African-American,4,0,0,0,M,1
Male,63,Greater than 45,Caucasian,0,0,0,0,M,0
Male,33,25 - 45,African-American,4,0,0,0,F,0
Male,43,25 - 45,Caucasian,0,0,0,0,M,1
Male,26,25 - 45,African-American,3,0,0,0,F,1
Male,51,Greater than 45,African-American,1,0,0,0,F,0
Male,39,25 - 45,Caucasian,3,0,0,0,F,1
Male,32,25 - 45,African-American,14,0,0,0,F,1
Male,22,Less than 25,African-American,0,0,0,0,M,0
Male,59,Greater than 45,Caucasian,0,0,0,0,F,0
Male,38,25 - 45,African-American,37,0,5,0,M,1
Male,23,Less than 25,African-American,2,0,0,0,F,0
Male,42,25 - 45,African-American,0,0,0,0,M,1
Male,38,25 - 45,African-American,2,0,0,0,F,1
Female,34,25 - 45,Caucasian,2,0,0,0,F,0
Female,36,25 - 45,African-American,7,0,0,0,F,1
Male,36,25 - 45,African-American,0,0,0,0,M,1
Male,31,25 - 45,African-American,1,0,0,0,F,0
Female,28,25 - 45,African-American,3,0,0,0,F,1
Male,28,25 - 45,African-American,1,0,0,0,F,1
Male,43,25 - 45,African-American,0,0,0,0,F,0
Male,40,25 - 45,African-American,1,0,0,0,F,0
Male,31,25 - 45,African-American,15,0,2,0,F,1
Male,54,Greater than 45,African-American,6,0,0,0,F,1
Male,24,Less than 25,African-American,17,0,0,0,F,1
Male,21,Less than 25,African-American,1,0,0,1,F,1
Male,22,Less than 25,African-American,0,0,0,1,F,0
Female,45,Greater than 45,African-American,1,0,0,0,F,0
Male,29,25 - 45,African-American,1,0,0,0,M,1
Male,46,Greater than 45,African-American,10,0,0,0,F,1
Male,21,Less than 25,Caucasian,1,0,1,2,F,0
Male,35,25 - 45,Caucasian,6,0,0,0,F,1
Male,52,Greater than 45,African-American,1,0,0,0,M,1
Male,48,Greater than 45,Caucasian,0,0,0,0,M,0
Female,29,25 - 45,African-American,9,0,0,3,M,1
Male,48,Greater than 45,Caucasian,0,0,0,0,M,0
Male,31,25 - 45,African-American,10,0,0,0,F,1
Male,21,Less than 25,Caucasian,3,0,0,0,F,1
Male,47,Greater than 45,African-American,0,0,0,0,M,0
Male,21,Less than 25,African-American,3,1,2,2,F,1
Male,35,25 - 45,African-American,13,3,0,0,F,0
Male,46,Greater than 45,African-American,3,0,0,0,M,1
Male,34,25 - 45,African-American,5,0,0,0,F,1
Male,52,Greater than 45,African-American,2,0,0,0,F,0
Male,21,Less than 25,Caucasian,0,0,0,0,M,1
Male,53,Greater than 45,Caucasian,1,0,0,0,M,0
Female,19,Less than 25,Caucasian,0,0,0,0,F,1
Male,22,Less than 25,African-American,0,0,0,0,M,0
Male,45,Greater than 45,African-American,1,0,0,0,F,0
Female,27,25 - 45,Caucasian,0,0,0,0,F,0
Male,25,25 - 45,Caucasian,0,0,0,0,M,0
Male,30,25 - 45,Caucasian,0,0,0,0,F,1
Male,31,25 - 45,African-American,2,0,0,0,F,1
Male,28,25 - 45,Caucasian,3,0,0,0,F,0
Male,36,25 - 45,African-American,3,0,0,0,M,1
Male,27,25 - 45,African-American,7,0,0,0,F,1
Male,42,25 - 45,African-American,1,0,0,0,F,0
Male,35,25 - 45,Caucasian,0,0,0,0,F,1
Female,33,25 - 45,Caucasian,2,0,0,0,F,0
Male,25,25 - 45,African-American,21,0,1,0,F,1
Female,42,25 - 45,Caucasian,0,0,0,0,M,0
Male,21,Less than 25,African-American,0,0,0,0,F,1
Female,28,25 - 45,African-American,0,0,0,0,M,0
Male,27,25 - 45,African-American,25,0,0,0,F,1
Female,21,Less than 25,Caucasian,0,0,0,0,F,0
Male,26,25 - 45,Caucasian,0,0,0,0,M,1
Male,36,25 - 45,Caucasian,0,0,0,0,F,0
Male,49,Greater than 45,Caucasian,0,0,0,0,F,1
Male,44,25 - 45,Caucasian,0,0,0,0,F,1
Male,28,25 - 45,Caucasian,1,0,0,0,M,0
Female,35,25 - 45,African-American,12,0,0,0,F,1
Male,34,25 - 45,African-American,3,0,0,0,F,0
Male,45,Greater than 45,African-American,15,0,0,0,F,1
Male,28,25 - 45,African-American,9,0,0,0,F,1
Female,25,25 - 45,African-American,1,0,0,0,F,0
Male,21,Less than 25,African-American,1,0,1,0,M,0
Male,48,Greater than 45,African-American,1,0,0,0,F,0
Male,37,25 - 45,Caucasian,1,0,0,0,M,0
Male,24,Less than 25,African-American,3,0,0,0,F,1
Male,37,25 - 45,Caucasian,1,0,0,0,M,1
Male,39,25 - 45,Caucasian,1,0,0,0,F,0
Male,24,Less than 25,Caucasian,1,0,0,1,F,1
Male,23,Less than 25,African-American,1,0,0,0,F,1
Male,43,25 - 45,Caucasian,5,0,0,0,F,0
Male,28,25 - 45,African-American,6,0,0,0,M,1
Male,53,Greater than 45,African-American,1,0,0,0,M,0
Female,27,25 - 45,African-American,2,0,0,0,M,1
Male,39,25 - 45,Caucasian,0,0,0,0,M,0
Male,47,Greater than 45,African-American,22,0,0,0,F,1
Male,28,25 - 45,African-American,4,0,0,0,F,1
Male,36,25 - 45,Caucasian,2,0,0,0,F,0
Female,24,Less than 25,African-American,1,0,0,0,F,0
Male,23,Less than 25,African-American,3,0,0,0,F,0
Male,26,25 - 45,African-American,2,0,0,0,F,0
Male,31,25 - 45,African-American,7,0,0,0,F,1
Female,30,25 - 45,African-American,14,0,3,2,F,1
Male,25,25 - 45,Caucasian,2,0,0,0,M,0
Male,24,Less than 25,African-American,6,0,0,0,F,1
Male,26,25 - 45,African-American,2,0,0,0,M,0
Female,20,Less than 25,African-American,0,0,0,0,F,0
Male,23,Less than 25,Caucasian,0,0,0,0,F,0
Male,26,25 - 45,African-American,5,0,0,0,F,1
Male,40,25 - 45,Caucasian,4,0,0,0,M,0
Male,19,Less than 25,African-American,1,0,1,0,F,1
Male,53,Greater than 45,Caucasian,1,0,0,0,F,0
Female,24,Less than 25,African-American,0,0,0,0,F,0
Female,33,25 - 45,Caucasian,2,0,0,0,F,0
Male,26,25 - 45,Caucasian,8,0,3,0,F,1
Male,32,25 - 45,Caucasian,2,0,0,0,F,0
Male,25,25 - 45,Caucasian,0,0,0,0,F,1
Male,21,Less than 25,African-American,1,0,0,0,F,0
Male,38,25 - 45,African-American,3,0,0,0,F,0
Male,23,Less than 25,Caucasian,0,0,0,0,F,0
Male,20,Less than 25,Caucasian,0,0,0,1,F,1
Female,39,25 - 45,Caucasian,4,0,0,0,F,1
Male,24,Less than 25,African-American,1,0,0,0,F,1
Male,49,Greater than 45,African-American,3,0,0,0,F,0
Male,31,25 - 45,African-American,7,0,0,0,F,1
Male,20,Less than 25,African-American,1,0,0,0,F,1
Male,28,25 - 45,Caucasian,0,0,0,0,M,0
Male,67,Greater than 45,Caucasian,3,0,0,0,F,0
Male,52,Greater than 45,African-American,0,0,0,0,F,0
Male,45,Greater than 45,African-American,17,0,0,0,F,1
Male,27,25 - 45,African-American,8,0,0,1,F,1
Male,22,Less than 25,Caucasian,1,0,0,0,F,0
Male,40,25 - 45,Caucasian,0,0,0,0,M,1
Male,30,25 - 45,Caucasian,1,0,0,0,M,1
Male,42,25 - 45,African-American,1,0,0,0,F,0
Male,24,Less than 25,African-American,2,0,0,1,F,1
Male,46,Greater than 45,Caucasian,4,0,0,0,F,0
Male,38,25 - 45,African-American,4,0,0,0,F,0
Male,26,25 - 45,Caucasian,0,0,0,0,M,0
Male,54,Greater than 45,Caucasian,1,0,0,0,M,1
Male,61,Greater than 45,Caucasian,1,0,0,0,F,0
Male,51,Greater than 45,African-American,1,0,0,0,M,1
Male,57,Greater than 45,Caucasian,0,0,0,0,F,0
Male,24,Less than 25,Caucasian,3,0,0,3,M,1
Male,34,25 - 45,African-American,1,0,0,0,F,0
Female,28,25 - 45,African-American,10,0,0,0,M,1
Male,35,25 - 45,African-American,10,0,0,0,M,1
Male,30,25 - 45,African-American,6,0,0,0,F,1
Male,44,25 - 45,African-American,0,0,0,0,F,0
Male,61,Greater than 45,Caucasian,10,0,0,0,F,0
Male,26,25 - 45,African-American,1,0,0,0,F,1
Male,48,Greater than 45,African-American,10,1,0,0,F,1
Male,42,25 - 45,African-American,4,0,0,0,M,0
Male,38,25 - 45,Caucasian,10,0,0,0,F,1
Female,53,Greater than 45,Caucasian,0,0,0,0,M,0
Male,26,25 - 45,African-American,3,0,0,0,M,0
Male,22,Less than 25,African-American,1,0,0,0,F,1
Male,50,Greater than 45,Caucasian,0,0,0,0,F,0
Male,44,25 - 45,Caucasian,16,3,0,0,M,0
Male,24,Less than 25,African-American,4,0,1,3,F,1
Male,21,Less than 25,African-American,0,0,0,0,F,1
Male,50,Greater than 45,Caucasian,0,0,0,0,F,0
Female,36,25 - 45,Caucasian,0,0,0,0,M,0
Male,39,25 - 45,Caucasian,0,0,0,0,F,0
Female,54,Greater than 45,African-American,7,0,0,0,F,0
Male,29,25 - 45,African-American,0,0,0,0,M,0
Male,26,25 - 45,Caucasian,0,0,0,0,M,0
Male,41,25 - 45,African-American,3,0,0,0,F,1
Male,23,Less than 25,African-American,1,0,0,0,F,1
Male,34,25 - 45,Caucasian,0,0,0,0,M,0
Male,31,25 - 45,Caucasian,11,0,0,0,F,1
Male,20,Less than 25,African-American,0,0,0,0,F,0
Male,49,Greater than 45,African-American,10,0,0,0,F,1
Male,26,25 - 45,African-American,4,0,0,0,F,1
Male,28,25 - 45,African-American,1,0,0,0,F,1
Male,26,25 - 45,African-American,0,0,0,0,F,0
Male,55,Greater than 45,African-American,1,0,0,0,F,0
Male,22,Less than 25,African-American,0,0,0,0,M,0
Female,26,25 - 45,African-American,0,0,0,0,M,0
Male,58,Greater than 45,African-American,16,0,0,0,F,1
Male,28,25 - 45,African-American,4,0,0,0,F,0
Male,33,25 - 45,African-American,8,0,0,0,F,0
Female,31,25 - 45,African-American,0,0,0,0,M,0
Male,26,25 - 45,African-American,1,0,0,0,M,0
Male,34,25 - 45,Caucasian,0,0,0,0,M,0
Female,32,25 - 45,African-American,0,0,0,0,F,0
Male,37,25 - 45,African-American,9,0,0,0,F,1
Male,50,Greater than 45,African-American,1,0,0,0,F,0
Male,35,25 - 45,Caucasian,1,0,0,0,F,0
Female,47,Greater than 45,Caucasian,0,0,0,0,M,1
Female,52,Greater than 45,African-American,8,0,0,0,F,0
Male,26,25 - 45,African-American,5,0,1,2,F,1
Male,45,Greater than 45,African-American,13,0,0,0,F,1
Male,41,25 - 45,African-American,8,0,0,0,F,1
Male,24,Less than 25,African-American,0,0,0,0,M,0
Male,21,Less than 25,African-American,1,0,1,0,F,0
Male,54,Greater than 45,Caucasian,0,0,0,0,M,0
Male,49,Greater than 45,Caucasian,0,0,0,0,F,0
Male,42,25 - 45,Caucasian,1,0,0,0,F,0
Male,21,Less than 25,African-American,1,0,0,0,F,1
Male,46,Greater than 45,Caucasian,5,0,0,0,F,1
Male,74,Greater than 45,Caucasian,0,0,0,0,M,0
Female,39,25 - 45,African-American,1,0,0,0,F,0
Female,38,25 - 45,African-American,0,0,0,0,F,0
Male,19,Less than 25,African-American,1,1,0,1,F,1
Male,28,25 - 45,Caucasian,0,0,0,0,F,1
Male,25,25 - 45,African-American,1,0,0,0,F,1
Male,53,Greater than 45,Caucasian,1,0,0,0,M,0
Male,23,Less than 25,African-American,2,0,1,0,F,0
Male,55,Greater than 45,Caucasian,33,0,0,0,F,1
Female,64,Greater than 45,Caucasian,1,0,0,0,F,0
Male,23,Less than 25,African-American,1,0,0,0,M,1
Male,23,Less than 25,African-American,4,0,0,2,F,1
Male,34,25 - 45,African-American,0,0,0,0,F,0
Male,26,25 - 45,African-American,1,0,0,0,M,0
Male,44,25 - 45,Caucasian,4,0,0,0,F,0
Female,27,25 - 45,Caucasian,0,0,0,0,F,0
Male,28,25 - 45,Caucasian,14,0,0,0,F,0
Male,55,Greater than 45,Caucasian,1,0,0,0,M,0
Male,36,25 - 45,African-American,15,0,0,0,F,0
Male,23,Less than 25,African-American,1,0,0,0,F,0
Male,56,Greater than 45,African-American,1,0,0,0,M,0
Male,27,25 - 45,Caucasian,2,0,0,0,F,1
Male,37,25 - 45,Caucasian,1,0,0,0,M,0
Male,32,25 - 45,African-American,1,0,0,0,F,1
Male,41,25 - 45,African-American,18,2,0,0,M,1
Male,22,Less than 25,African-American,1,0,0,0,F,1
Male,37,25 - 45,Caucasian,1,0,0,0,F,1
Male,45,Greater than 45,African-American,3,0,0,0,M,0
Female,31,25 - 45,African-American,14,0,0,0,F,0
Male,42,25 - 45,African-American,7,0,0,0,F,1
Male,26,25 - 45,African-American,20,0,2,2,F,1
Male,33,25 - 45,Caucasian,0,0,0,0,F,1
Male,22,Less than 25,Caucasian,0,0,0,0,M,1
Female,36,25 - 45,African-American,1,0,0,0,M,0
Male,54,Greater than 45,Caucasian,0,0,0,0,M,0
Male,25,25 - 45,African-American,5,0,1,2,F,1
Male,24,Less than 25,Caucasian,3,0,0,0,F,1
Male,61,Greater than 45,Caucasian,0,0,0,0,M,0
Female,42,25 - 45,Caucasian,0,0,0,0,M,0
Male,28,25 - 45,Caucasian,1,0,0,0,M,1
Male,27,25 - 45,African-American,1,0,0,0,M,0
Male,24,Less than 25,Caucasian,2,0,0,0,M,0
Male,32,25 - 45,African-American,16,0,0,0,F,1
Male,38,25 - 45,Caucasian,0,0,0,0,F,0
Male,21,Less than 25,Caucasian,1,0,1,1,M,0
Male,27,25 - 45,African-American,1,0,0,0,F,1
Male,39,25 - 45,Caucasian,0,0,0,0,F,0
Male,29,25 - 45,Caucasian,0,0,0,0,F,0
Male,29,25 - 45,Caucasian,1,0,0,0,F,0
Male,36,25 - 45,Caucasian,1,0,0,0,F,1
Male,46,Greater than 45,African-American,0,0,0,0,F,1
Male,44,25 - 45,African-American,7,1,0,0,F,0
Male,27,25 - 45,African-American,0,0,0,0,M,0
Male,27,25 - 45,African-American,8,0,0,0,F,1
Male,61,Greater than 45,Caucasian,0,0,0,0,M,0
Male,47,Greater than 45,African-American,0,0,0,0,M,1
Male,27,25 - 45,African-American,1,0,0,0,M,0
Male,28,25 - 45,Caucasian,0,0,0,0,F,1
Female,31,25 - 45,Caucasian,1,0,0,0,M,1
Male,26,25 - 45,Caucasian,9,0,0,0,M,1
Male,53,Greater than 45,African-American,2,0,0,0,F,1
Male,26,25 - 45,African-American,1,0,0,0,F,1
Male,25,25 - 45,African-American,2,0,0,0,F,0
Female,21,Less than 25,African-American,4,0,3,1,M,1
Male,23,Less than 25,African-American,1,0,0,0,M,0
Female,45,Greater than 45,African-American,2,0,0,0,F,0
Male,27,25 - 45,African-American,2,0,0,0,M,1
Female,26,25 - 45,African-American,0,0,0,0,M,0
Male,21,Less than 25,Caucasian,0,0,0,0,F,1
Female,62,Greater than 45,Caucasian,0,0,0,0,M,0
Male,48,Greater than 45,Caucasian,0,0,0,0,F,0
Male,53,Greater than 45,African-American,1,0,0,0,M,0
Male,62,Greater than 45,African-American,3,0,0,0,M,1
Male,28,25 - 45,African-American,5,1,1,0,F,0
Male,56,Greater than 45,Caucasian,1,0,0,0,F,0
Male,22,Less than 25,African-American,2,1,0,0,F,1
Male,26,25 - 45,African-American,5,0,0,0,F,1
Male,35,25 - 45,African-American,4,0,0,0,M,0
Male,22,Less than 25,African-American,1,0,0,0,F,1
Female,37,25 - 45,African-American,7,1,0,0,F,0
Female,32,25 - 45,African-American,0,0,0,0,F,0
Female,33,25 - 45,African-American,3,0,0,0,F,1
Male,53,Greater than 45,Caucasian,0,0,0,0,M,0
Male,32,25 - 45,Caucasian,0,0,0,0,M,0
Male,26,25 - 45,Caucasian,0,0,0,0,M,0
Male,61,Greater than 45,Caucasian,0,0,0,0,M,0
Male,21,Less than 25,African-American,0,0,0,0,M,0
Male,69,Greater than 45,African-American,22,0,0,0,M,0
Male,26,25 - 45,African-American,0,0,0,0,M,0
Male,30,25 - 45,African-American,9,0,0,0,F,1
Male,21,Less than 25,Caucasian,1,0,0,0,F,0
Male,41,25 - 45,Caucasian,0,0,0,0,M,0
Male,45,Greater than 45,African-American,0,0,0,0,F,1
Male,31,25 - 45,African-American,10,0,1,3,F,1
Male,22,Less than 25,Caucasian,0,0,0,0,F,0
Female,54,Greater than 45,Caucasian,0,0,0,0,F,1
Male,50,Greater than 45,Caucasian,2,0,0,0,M,1
Female,21,Less than 25,African-American,0,0,0,0,F,1
Male,30,25 - 45,Caucasian,0,0,0,0,F,1
Male,30,25 - 45,African-American,11,0,0,0,F,1
Male,26,25 - 45,Caucasian,5,0,0,0,M,0
Female,59,Greater than 45,African-American,0,0,0,0,M,0
Male,29,25 - 45,African-American,13,0,0,0,F,1
Male,30,25 - 45,Caucasian,13,0,0,0,F,1
Male,25,25 - 45,African-American,5,0,0,0,M,1
Male,22,Less than 25,African-American,0,0,0,1,F,0
Male,41,25 - 45,African-American,8,0,0,0,F,1
Female,37,25 - 45,African-American,13,0,0,0,F,0
Male,22,Less than 25,African-American,0,0,0,2,F,1
Male,19,Less than 25,African-American,0,0,0,0,F,1
Male,45,Greater than 45,Caucasian,2,0,0,0,M,0
Female,33,25 - 45,African-American,5,0,0,0,F,1
Male,52,Greater than 45,African-American,7,0,0,0,F,0
Female,21,Less than 25,African-American,0,0,0,0,F,0
Male,43,25 - 45,African-American,6,0,0,0,M,1
Male,33,25 - 45,Caucasian,3,0,0,0,F,0
Male,26,25 - 45,African-American,3,1,0,0,F,1
Male,37,25 - 45,Caucasian,0,0,0,0,M,0
Male,38,25 - 45,African-American,1,0,0,0,F,1
Male,27,25 - 45,African-American,1,0,0,0,F,1
Male,21,Less than 25,African-American,1,1,0,0,F,0
Male,38,25 - 45,Caucasian,3,0,0,0,F,1
Male,37,25 - 45,Caucasian,0,0,0,0,M,0
Male,44,25 - 45,Caucasian,0,0,0,0,F,0
Male,30,25 - 45,African-American,0,0,0,0,F,0
Male,49,Greater than 45,Caucasian,1,0,0,0,F,0
Male,67,Greater than 45,Caucasian,0,0,0,0,M,0
Male,59,Greater than 45,African-American,14,0,0,0,F,1
Male,21,Less than 25,African-American,1,1,0,0,F,1
Male,31,25 - 45,Caucasian,6,0,0,0,M,0
Female,50,Greater than 45,Caucasian,2,0,0,0,F,1
Male,30,25 - 45,African-American,7,0,0,0,F,0
Male,28,25 - 45,Caucasian,1,0,0,0,M,0
Male,48,Greater than 45,African-American,7,0,0,0,F,1
Male,55,Greater than 45,Caucasian,0,0,0,0,M,0
Male,42,25 - 45,Caucasian,0,0,0,0,M,0
Male,34,25 - 45,African-American,0,0,0,0,M,1
Male,43,25 - 45,African-American,4,0,0,0,M,1
Male,44,25 - 45,African-American,0,0,0,0,F,0
Male,25,25 - 45,Caucasian,2,0,0,0,F,1
Female,32,25 - 45,African-American,0,0,0,0,M,1
Male,24,Less than 25,African-American,1,0,0,0,F,1
Male,34,25 - 45,African-American,0,0,0,0,F,1
Male,48,Greater than 45,African-American,2,0,0,0,F,1
Male,41,25 - 45,African-American,1,0,0,0,F,0
Male,26,25 - 45,African-American,12,0,0,1,M,1
Male,42,25 - 45,African-American,0,0,0,0,F,1
Male,29,25 - 45,African-American,0,0,0,0,M,0
Male,26,25 - 45,Caucasian,0,0,0,0,M,0
Female,27,25 - 45,African-American,1,0,0,0,F,0
Male,35,25 - 45,Caucasian,4,0,0,0,M,0
Male,54,Greater than 45,Caucasian,1,0,0,0,F,0
Male,20,Less than 25,African-American,0,0,0,0,F,0
Male,27,25 - 45,Caucasian,0,0,0,0,F,0
Male,21,Less than 25,African-American,1,0,0,0,F,0
Male,27,25 - 45,Caucasian,7,0,1,1,M,1
Male,34,25 - 45,African-American,11,1,0,0,F,1
Male,54,Greater than 45,African-American,0,0,0,0,M,0
Male,39,25 - 45,African-American,1,0,0,0,F,0
Female,33,25 - 45,Caucasian,0,0,0,0,M,0
Female,35,25 - 45,African-American,0,0,0,0,M,0
Male,53,Greater than 45,African-American,0,0,0,0,M,0
Male,28,25 - 45,Caucasian,2,0,0,1,M,0
Male,26,25 - 45,African-American,0,0,0,0,F,0
Male,31,25 - 45,African-American,3,0,1,0,F,0
Male,24,Less than 25,Caucasian,3,0,0,0,M,1
Male,45,Greater than 45,Caucasian,19,0,0,0,F,1
Male,28,25 - 45,African-American,1,0,0,0,F,0
Female,45,Greater than 45,Caucasian,1,0,0,0,F,1
Male,33,25 - 45,Caucasian,3,0,0,0,F,1
Male,23,Less than 25,Caucasian,4,0,0,4,F,1
Male,36,25 - 45,African-American,6,0,0,0,F,0
Male,22,Less than 25,African-American,0,0,0,0,F,0
Male,28,25 - 45,African-American,2,0,0,0,F,1
Male,37,25 - 45,African-American,3,0,0,0,M,0
Female,52,Greater than 45,Caucasian,0,0,0,0,M,0
Male,26,25 - 45,Caucasian,0,0,0,0,F,0
Male,28,25 - 45,Caucasian,4,0,0,0,F,1
Female,33,25 - 45,Caucasian,2,0,0,0,F,0
Male,23,Less than 25,Caucasian,3,0,0,1,F,1
Male,31,25 - 45,Caucasian,3,0,0,1,M,1
Female,55,Greater than 45,Caucasian,0,0,0,0,M,0
Male,24,Less than 25,Caucasian,3,0,0,2,F,1
Male,37,25 - 45,African-American,2,0,0,0,M,0
Male,41,25 - 45,African-American,0,0,0,0,F,0
Male,26,25 - 45,Caucasian,0,0,0,0,M,0
Male,41,25 - 45,African-American,13,0,0,0,F,0
Male,33,25 - 45,African-American,6,0,0,0,F,0
Male,23,Less than 25,African-American,0,0,0,0,F,0
Male,27,25 - 45,Caucasian,1,0,0,0,F,0
Male,24,Less than 25,Caucasian,0,0,0,0,F,1
Male,30,25 - 45,African-American,10,0,1,0,F,0
Male,55,Greater than 45,Caucasian,1,0,0,0,F,0
Male,26,25 - 45,African-American,13,0,0,0,M,1
Male,35,25 - 45,African-American,0,0,0,0,F,0
Male,20,Less than 25,African-American,1,0,0,0,M,0
Male,24,Less than 25,Caucasian,3,0,0,0,M,1
Male,31,25 - 45,African-American,8,0,2,0,M,1
Male,55,Greater than 45,African-American,0,0,0,0,F,1
Male,33,25 - 45,Caucasian,7,0,0,0,F,1
Male,44,25 - 45,Caucasian,6,0,0,0,F,1
Male,41,25 - 45,African-American,25,0,0,0,F,1
Male,56,Greater than 45,African-American,9,0,0,0,M,0
Male,21,Less than 25,African-American,1,0,0,0,F,0
Female,48,Greater than 45,Caucasian,1,0,0,0,M,0
Male,56,Greater than 45,Caucasian,7,0,0,0,F,1
Male,39,25 - 45,Caucasian,2,0,0,0,M,0
Female,25,25 - 45,Caucasian,0,0,0,0,F,0
Female,28,25 - 45,African-American,3,0,0,0,F,0
Male,30,25 - 45,African-American,0,0,0,0,F,1
Female,19,Less than 25,African-American,0,0,0,0,M,1
Male,20,Less than 25,African-American,0,0,0,0,M,1
Male,57,Greater than 45,Caucasian,0,0,0,0,F,0
Male,51,Greater than 45,African-American,8,0,0,0,M,1
Male,27,25 - 45,African-American,5,0,0,0,F,1
Male,26,25 - 45,African-American,0,0,0,2,F,0
Male,23,Less than 25,Caucasian,3,0,0,0,M,1
Male,35,25 - 45,African-American,14,0,1,0,M,1
Male,37,25 - 45,African-American,5,0,0,0,F,0
Male,48,Greater than 45,African-American,0,0,0,0,F,0
Male,21,Less than 25,African-American,0,0,0,1,F,0
Male,52,Greater than 45,African-American,1,0,0,0,M,0
Male,22,Less than 25,African-American,0,0,0,0,F,1
Male,41,25 - 45,Caucasian,1,0,0,0,F,1
Female,25,25 - 45,Caucasian,1,0,0,0,M,1
Male,54,Greater than 45,African-American,0,0,0,0,M,1
Male,25,25 - 45,African-American,13,4,0,0,F,1
Female,40,25 - 45,Caucasian,4,0,0,0,F,0
Male,22,Less than 25,African-American,0,0,0,0,F,0
Male,50,Greater than 45,Caucasian,10,0,0,0,F,0
Male,35,25 - 45,Caucasian,2,0,0,0,M,0
Male,28,25 - 45,Caucasian,7,0,0,0,F,1
Male,21,Less than 25,African-American,0,0,0,0,F,0
Male,27,25 - 45,Caucasian,0,0,0,0,F,0
Male,22,Less than 25,African-American,0,0,0,0,F,1
Male,32,25 - 45,Caucasian,0,0,0,0,F,0
Male,59,Greater than 45,Caucasian,0,0,0,0,F,0
Male,59,Greater than 45,Caucasian,0,0,0,0,F,0
Female,44,25 - 45,Caucasian,1,0,0,0,F,1
Male,26,25 - 45,African-American,9,0,1,1,M,1
Male,30,25 - 45,African-American,9,0,1,0,F,1
Male,25,25 - 45,African-American,3,0,1,1,M,1
Female,31,25 - 45,African-American,0,0,0,0,M,1
Female,32,25 - 45,African-American,0,0,0,0,F,0
Male,37,25 - 45,African-American,22,0,0,0,F,1
Male,22,Less than 25,Caucasian,2,1,0,0,F,0
Male,38,25 - 45,African-American,8,0,0,0,M,1
Male,34,25 - 45,Caucasian,2,0,0,0,F,0
Male,30,25 - 45,African-American,7,0,1,0,F,0
Female,38,25 - 45,Caucasian,0,0,0,0,F,1
Male,36,25 - 45,African-American,10,0,0,0,F,1
Male,35,25 - 45,Caucasian,2,0,0,0,F,1
Male,35,25 - 45,African-American,0,0,0,0,F,0
Female,30,25 - 45,African-American,9,0,0,0,F,1
Male,34,25 - 45,African-American,16,0,0,0,F,1
Male,31,25 - 45,Caucasian,3,0,0,0,F,1
Male,31,25 - 45,Caucasian,4,0,1,1,F,1
Male,22,Less than 25,Caucasian,2,0,1,1,F,1
Male,36,25 - 45,African-American,5,0,0,0,M,1
Male,39,25 - 45,African-American,2,0,0,0,M,0
Male,51,Greater than 45,African-American,9,0,0,0,F,1
Male,35,25 - 45,African-American,7,0,0,0,F,1
Male,37,25 - 45,African-American,0,0,0,0,M,0
Male,25,25 - 45,African-American,3,0,0,2,M,0
Female,27,25 - 45,African-American,0,0,0,0,F,0
Male,47,Greater than 45,Caucasian,2,0,0,0,M,0
Male,46,Greater than 45,African-American,12,0,0,0,M,0
Male,27,25 - 45,Caucasian,0,0,0,0,F,0
Male,34,25 - 45,African-American,0,0,0,0,F,1
Male,25,25 - 45,Caucasian,0,0,0,0,M,0
Male,26,25 - 45,African-American,5,0,1,0,M,0
Male,25,25 - 45,African-American,1,0,0,0,F,1
Male,60,Greater than 45,African-American,9,0,0,0,F,0
Male,30,25 - 45,African-American,12,0,0,0,F,1
Male,21,Less than 25,African-American,0,0,0,0,F,0
Male,25,25 - 45,African-American,4,0,0,0,F,1
Male,21,Less than 25,African-American,0,0,0,0,F,1
Male,29,25 - 45,African-American,4,0,0,0,M,0
Male,51,Greater than 45,Caucasian,2,0,0,0,F,0
Male,29,25 - 45,African-American,1,0,0,0,M,0
Male,20,Less than 25,Caucasian,0,0,0,0,F,1
Male,53,Greater than 45,Caucasian,1,0,0,0,F,0
Male,25,25 - 45,African-American,5,0,0,0,F,0
Male,22,Less than 25,African-American,3,0,1,1,F,1
Male,21,Less than 25,African-American,1,0,0,0,F,0
Male,21,Less than 25,Caucasian,1,0,0,0,F,1
Male,27,25 - 45,African-American,6,2,0,0,M,1
Male,28,25 - 45,African-American,14,0,1,0,M,1
Male,49,Greater than 45,African-American,6,0,0,0,M,1
Male,52,Greater than 45,African-American,7,0,0,0,F,1
Male,25,25 - 45,African-American,1,0,0,0,M,0
Male,56,Greater than 45,Caucasian,2,0,0,0,F,0
Male,34,25 - 45,African-American,22,0,0,0,F,0
Male,23,Less than 25,African-American,1,0,0,0,M,1
Male,22,Less than 25,Caucasian,0,0,0,2,F,0
Male,23,Less than 25,African-American,0,0,0,0,F,1
Male,30,25 - 45,African-American,4,0,0,0,M,0
Male,42,25 - 45,African-American,1,0,0,0,M,1
Male,50,Greater than 45,African-American,24,0,0,2,M,1
Male,37,25 - 45,African-American,0,0,0,0,F,0
Male,23,Less than 25,African-American,1,0,0,0,F,0
Male,41,25 - 45,Caucasian,0,0,0,0,F,0
Male,50,Greater than 45,African-American,5,1,0,0,F,0
Male,26,25 - 45,African-American,2,0,0,0,F,1
Male,23,Less than 25,African-American,2,0,0,0,F,1
Male,55,Greater than 45,Caucasian,1,0,0,0,F,1
Male,24,Less than 25,African-American,0,0,0,0,F,1
Male,33,25 - 45,Caucasian,5,0,1,0,M,1
Male,23,Less than 25,Caucasian,0,0,0,0,F,0
Male,37,25 - 45,African-American,1,0,0,0,M,1
Male,51,Greater than 45,Caucasian,0,0,0,0,M,0
Female,35,25 - 45,African-American,3,0,0,0,M,1
Male,29,25 - 45,African-American,2,0,0,0,F,0
Male,57,Greater than 45,Caucasian,0,0,0,0,M,0
Male,20,Less than 25,African-American,1,0,1,2,M,1
Male,23,Less than 25,African-American,3,0,0,0,F,1
Male,36,25 - 45,Caucasian,9,0,0,0,M,1
Male,55,Greater than 45,Caucasian,1,0,0,0,M,0
Male,53,Greater than 45,African-American,18,0,0,0,M,1
Male,21,Less than 25,African-American,1,0,0,0,F,1
Male,27,25 - 45,African-American,3,0,0,0,M,1
Male,28,25 - 45,African-American,6,0,1,0,F,1
Male,26,25 - 45,Caucasian,1,0,0,0,F,1
Male,25,25 - 45,Caucasian,1,0,0,0,F,0
Male,66,Greater than 45,Caucasian,0,0,0,0,F,0
Male,28,25 - 45,African-American,3,0,0,0,M,0
Male,24,Less than 25,African-American,0,0,0,0,M,0
Male,60,Greater than 45,Caucasian,18,0,0,0,M,1
Male,37,25 - 45,African-American,2,0,0,0,F,1
Male,73,Greater than 45,Caucasian,0,0,0,0,M,0
Male,44,25 - 45,African-American,0,0,0,0,F,0
Male,40,25 - 45,African-American,6,0,0,0,F,0
Male,56,Greater than 45,Caucasian,0,0,0,0,M,1
Male,42,25 - 45,African-American,3,0,0,0,F,0
Male,50,Greater than 45,Caucasian,1,0,0,0,F,0
Male,34,25 - 45,Caucasian,0,0,0,0,M,0
Male,47,Greater than 45,African-American,1,0,0,0,M,1
Male,58,Greater than 45,Caucasian,3,0,0,0,F,0
Male,48,Greater than 45,Caucasian,3,0,0,0,F,0
Female,20,Less than 25,Caucasian,0,0,0,0,F,0
Female,53,Greater than 45,African-American,10,0,0,0,F,1
Male,29,25 - 45,African-American,0,0,0,0,F,0
Female,43,25 - 45,Caucasian,0,0,0,0,M,0
Male,53,Greater than 45,Caucasian,1,0,0,0,M,1
Male,22,Less than 25,Caucasian,0,0,0,3,M,0
Male,26,25 - 45,Caucasian,9,0,0,0,M,1
Male,23,Less than 25,African-American,4,0,0,0,F,1
Male,71,Greater than 45,Caucasian,1,0,0,0,M,0
Female,61,Greater than 45,Caucasian,0,0,0,0,M,0
Female,22,Less than 25,Caucasian,2,0,0,0,M,0
Female,54,Greater than 45,Caucasian,1,0,0,0,M,0
Male,24,Less than 25,Caucasian,6,0,2,0,F,0
Female,28,25 - 45,Caucasian,0,0,0,0,F,0
Female,25,25 - 45,Caucasian,2,0,0,0,F,0
Female,22,Less than 25,African-American,1,0,0,0,F,0
Male,24,Less than 25,African-American,2,0,0,0,F,1
Male,35,25 - 45,African-American,0,0,0,0,F,0
Male,21,Less than 25,African-American,0,0,0,0,F,0
Male,49,Greater than 45,Caucasian,1,0,0,0,M,0
Male,26,25 - 45,African-American,6,0,0,0,F,1
Male,30,25 - 45,African-American,7,0,1,0,F,1
Male,30,25 - 45,African-American,5,0,0,0,F,1
Male,64,Greater than 45,Caucasian,8,0,0,0,F,0
Female,45,Greater than 45,Caucasian,7,0,1,0,F,1
Male,37,25 - 45,African-American,3,0,0,0,M,0
Female,34,25 - 45,African-American,1,0,0,0,F,1
Male,58,Greater than 45,Caucasian,0,0,0,0,M,0
Male,27,25 - 45,Caucasian,0,0,0,0,F,0
Male,30,25 - 45,African-American,0,0,0,0,M,1
Male,25,25 - 45,African-American,0,0,0,2,M,0
Male,60,Greater than 45,African-American,19,0,0,0,F,1
Male,56,Greater than 45,African-American,24,0,0,0,F,0
Male,33,25 - 45,African-American,2,0,0,0,M,0
Male,25,25 - 45,Caucasian,9,0,1,0,F,1
Male,32,25 - 45,African-American,6,0,0,0,F,1
Male,24,Less than 25,African-American,3,0,0,0,F,1
Male,23,Less than 25,Caucasian,2,0,1,0,F,1
Male,25,25 - 45,African-American,1,0,0,0,F,1
Female,20,Less than 25,African-American,0,0,0,0,F,0
Male,32,25 - 45,African-American,9,0,0,4,F,0
Female,49,Greater than 45,African-American,0,0,0,0,F,0
Male,22,Less than 25,African-American,1,0,0,0,F,0
Male,24,Less than 25,African-American,0,0,0,0,F,0
Male,26,25 - 45,Caucasian,10,0,0,0,F,1
Male,29,25 - 45,African-American,1,0,0,0,M,1
Male,22,Less than 25,Caucasian,0,0,0,0,F,0
Female,26,25 - 45,African-American,3,0,0,0,F,0
Male,21,Less than 25,African-American,0,0,0,0,F,1
Male,54,Greater than 45,Caucasian,2,0,0,0,M,0
Male,59,Greater than 45,African-American,1,0,0,0,F,0
Male,22,Less than 25,African-American,0,0,0,1,F,1
Male,64,Greater than 45,African-American,20,0,0,0,F,0
Male,45,Greater than 45,Caucasian,1,0,0,0,M,1
Female,22,Less than 25,African-American,0,0,0,0,F,0
Male,24,Less than 25,African-American,5,0,0,0,F,1
Female,30,25 - 45,African-American,3,0,0,0,F,1
Female,27,25 - 45,Caucasian,0,0,0,0,F,0
Male,20,Less than 25,Caucasian,0,0,0,2,F,0
Male,28,25 - 45,Caucasian,5,0,0,0,F,1
Male,23,Less than 25,Caucasian,3,0,0,1,F,1
Female,32,25 - 45,African-American,0,0,0,0,M,0
Female,44,25 - 45,Caucasian,1,0,0,0,F,0
Male,41,25 - 45,African-American,8,0,0,0,F,0
Male,30,25 - 45,Caucasian,3,0,0,0,F,0
Male,27,25 - 45,African-American,2,0,0,0,M,1
Male,32,25 - 45,African-American,0,0,0,0,F,1
Male,40,25 - 45,African-American,24,0,1,1,M,1
Female,33,25 - 45,African-American,3,0,0,0,M,0
Male,33,25 - 45,Caucasian,0,0,0,0,F,0
Male,28,25 - 45,African-American,9,0,0,0,M,0
Female,25,25 - 45,African-American,0,0,0,0,F,1
Female,30,25 - 45,African-American,1,0,0,0,M,0
Female,47,Greater than 45,African-American,0,0,0,0,M,0
Male,24,Less than 25,Caucasian,0,0,0,0,F,1
Male,31,25 - 45,Caucasian,9,0,0,0,F,1
Male,52,Greater than 45,African-American,0,0,0,0,F,1
Male,25,25 - 45,African-American,5,0,0,1,F,1
Female,46,Greater than 45,African-American,7,0,0,0,M,0
Male,62,Greater than 45,Caucasian,3,0,0,0,M,0
Male,36,25 - 45,Caucasian,0,0,0,0,M,1
Male,24,Less than 25,African-American,2,0,0,1,F,1
Male,25,25 - 45,Caucasian,9,0,2,1,F,0
Male,21,Less than 25,African-American,0,0,0,1,M,1
Male,29,25 - 45,African-American,5,0,0,0,F,1
Male,52,Greater than 45,African-American,0,0,0,0,M,1
Male,29,25 - 45,African-American,5,0,0,0,F,0
Male,59,Greater than 45,African-American,13,0,0,0,F,1
Male,39,25 - 45,African-American,2,0,0,0,F,0
Male,20,Less than 25,African-American,1,0,1,1,F,1
Male,50,Greater than 45,Caucasian,0,0,0,0,M,0
Male,27,25 - 45,African-American,7,0,0,0,F,1
Male,27,25 - 45,African-American,0,0,0,0,M,0
Male,31,25 - 45,Caucasian,4,0,0,0,F,1
Female,24,Less than 25,African-American,2,0,0,0,M,0
Male,24,Less than 25,African-American,4,0,0,0,F,1
Male,30,25 - 45,Caucasian,0,0,0,0,M,1
Male,41,25 - 45,Caucasian,0,0,0,0,F,0
Male,32,25 - 45,African-American,2,0,0,0,F,1
Male,69,Greater than 45,Caucasian,0,0,0,0,M,1
Male,25,25 - 45,Caucasian,1,0,0,0,F,0
Male,55,Greater than 45,Caucasian,0,0,0,0,M,1
Male,28,25 - 45,African-American,7,1,0,0,F,1
Male,27,25 - 45,Caucasian,0,0,0,0,M,1
Female,20,Less than 25,African-American,1,0,0,0,F,1
Male,36,25 - 45,African-American,2,0,0,0,F,1
Male,25,25 - 45,African-American,10,0,1,1,F,1
Female,35,25 - 45,Caucasian,1,0,0,0,M,0
Male,32,25 - 45,African-American,12,0,1,3,M,1
Male,21,Less than 25,Caucasian,1,0,0,1,M,0
Male,41,25 - 45,Caucasian,1,0,0,0,F,0
Male,38,25 - 45,African-American,0,0,0,0,F,0
Male,21,Less than 25,African-American,1,0,0,0,F,1
Male,35,25 - 45,Caucasian,2,0,0,0,M,1
Male,34,25 - 45,African-American,5,0,0,0,M,0
Male,52,Greater than 45,Caucasian,0,0,0,0,M,0
Male,21,Less than 25,African-American,0,0,0,0,F,0
Male,43,25 - 45,African-American,8,0,0,0,M,0
Female,32,25 - 45,Caucasian,0,0,0,0,F,0
Male,49,Greater than 45,Caucasian,5,0,0,0,F,1
Female,21,Less than 25,African-American,0,0,0,0,M,0
Male,28,25 - 45,African-American,5,0,0,0,F,1
Female,65,Greater than 45,Caucasian,1,0,0,0,F,0
Female,27,25 - 45,Caucasian,0,0,0,0,M,0
Male,48,Greater than 45,Caucasian,20,0,0,0,F,1
Male,20,Less than 25,African-American,0,0,0,0,M,1
Male,63,Greater than 45,African-American,6,0,0,0,F,0
Male,40,25 - 45,Caucasian,0,0,0,0,M,0
Male,21,Less than 25,African-American,1,0,0,0,F,1
Male,27,25 - 45,Caucasian,1,0,0,0,M,0
Male,35,25 - 45,Caucasian,0,0,0,0,M,1
Female,50,Greater than 45,African-American,0,0,0,0,M,0
Male,47,Greater than 45,Caucasian,0,0,0,0,M,0
Male,44,25 - 45,Caucasian,2,0,0,0,M,0
Male,23,Less than 25,African-American,0,0,0,0,M,0
Male,54,Greater than 45,African-American,10,0,0,0,F,0
Male,38,25 - 45,Caucasian,17,0,0,0,F,0
Male,44,25 - 45,Caucasian,2,0,0,0,F,1
Male,52,Greater than 45,African-American,3,0,0,0,M,1
Female,52,Greater than 45,Caucasian,0,0,0,0,F,1
Male,21,Less than 25,African-American,0,0,0,0,M,1
Female,30,25 - 45,Caucasian,9,0,0,0,F,1
Male,56,Greater than 45,African-American,6,0,0,0,F,0
Male,35,25 - 45,African-American,12,0,0,0,F,1
Male,39,25 - 45,Caucasian,1,0,0,0,F,0
Male,29,25 - 45,Caucasian,0,0,0,0,M,0
Male,23,Less than 25,African-American,2,0,0,0,F,1
Male,26,25 - 45,Caucasian,0,0,0,0,M,0
Female,64,Greater than 45,African-American,1,0,0,0,M,1
Male,20,Less than 25,Caucasian,1,0,0,2,F,1
Male,21,Less than 25,African-American,0,0,0,0,F,1
Male,21,Less than 25,African-American,0,0,0,0,F,0
Male,23,Less than 25,African-American,0,0,0,0,F,0
Male,46,Greater than 45,African-American,3,0,0,0,F,0
Male,25,25 - 45,African-American,21,0,13,1,F,1
Female,30,25 - 45,African-American,0,0,0,0,M,0
Male,47,Greater than 45,Caucasian,1,0,0,0,F,0
Male,30,25 - 45,Caucasian,4,0,0,0,F,0
Male,47,Greater than 45,African-American,1,0,0,0,F,0
Male,39,25 - 45,African-American,1,0,0,0,F,1
Male,24,Less than 25,Caucasian,1,0,0,2,F,0
Male,45,Greater than 45,Caucasian,3,0,0,0,F,0
Male,26,25 - 45,Caucasian,2,0,0,0,F,1
Male,39,25 - 45,Caucasian,3,0,0,0,F,0
Male,40,25 - 45,Caucasian,1,0,0,0,F,0
Male,24,Less than 25,African-American,0,0,0,0,F,0
Male,23,Less than 25,African-American,1,0,0,1,F,0
Male,61,Greater than 45,Caucasian,0,0,0,0,M,0
Male,42,25 - 45,Caucasian,3,0,0,0,F,1
Male,38,25 - 45,African-American,3,0,0,0,F,1
Male,67,Greater than 45,Caucasian,0,0,0,0,F,1
Male,23,Less than 25,Caucasian,2,0,0,0,F,0
Male,31,25 - 45,Caucasian,1,0,0,0,F,1
Male,40,25 - 45,African-American,15,1,0,0,F,0
Male,44,25 - 45,African-American,0,0,0,0,F,0
Male,37,25 - 45,African-American,10,0,0,0,F,1
Female,22,Less than 25,African-American,3,0,1,0,M,0
Male,31,25 - 45,Caucasian,6,0,0,0,M,1
Male,28,25 - 45,African-American,9,0,0,0,F,1
Male,33,25 - 45,Caucasian,9,0,0,0,F,0
Female,30,25 - 45,African-American,10,0,3,2,F,1
Male,35,25 - 45,African-American,0,0,0,0,F,1
Male,57,Greater than 45,African-American,23,0,0,0,F,1
Female,39,25 - 45,Caucasian,8,0,0,0,F,1
Male,65,Greater than 45,Caucasian,3,0,0,0,F,0
Female,22,Less than 25,Caucasian,0,0,0,0,M,0
Female,35,25 - 45,African-American,2,0,0,0,F,0
Male,29,25 - 45,African-American,2,0,1,0,M,1
Male,62,Greater than 45,African-American,13,0,0,0,F,1
Male,22,Less than 25,African-American,0,0,0,0,M,1
Female,56,Greater than 45,African-American,1,0,0,0,F,0
Male,25,25 - 45,Caucasian,2,0,0,0,F,0
Male,33,25 - 45,Caucasian,10,0,0,0,M,0
Male,25,25 - 45,Caucasian,2,0,0,0,F,0
Female,27,25 - 45,African-American,3,0,0,0,F,0
Male,37,25 - 45,African-American,1,0,0,0,F,0
Male,41,25 - 45,Caucasian,2,0,0,0,M,0
Male,35,25 - 45,African-American,5,0,0,1,F,0
Male,55,Greater than 45,Caucasian,0,0,0,0,M,0
Male,26,25 - 45,African-American,2,0,0,0,F,1
Male,35,25 - 45,African-American,7,0,0,0,F,0
Male,50,Greater than 45,Caucasian,3,0,0,0,M,1
Male,25,25 - 45,African-American,3,0,0,0,F,1
Female,65,Greater than 45,Caucasian,1,0,0,0,M,1
Female,31,25 - 45,African-American,0,0,0,0,F,1
Female,24,Less than 25,African-American,0,0,0,0,M,0
Male,34,25 - 45,African-American,6,0,0,0,F,1
Female,30,25 - 45,African-American,4,0,1,0,F,0
Male,30,25 - 45,African-American,14,0,0,0,F,1
Male,24,Less than 25,Caucasian,1,0,0,0,M,0
Male,51,Greater than 45,Caucasian,3,0,0,0,F,1
Female,28,25 - 45,African-American,3,0,0,0,F,0
Female,27,25 - 45,African-American,4,0,0,0,F,1
Male,22,Less than 25,Caucasian,2,0,0,0,F,1
Male,29,25 - 45,African-American,2,0,0,0,F,1
Male,31,25 - 45,African-American,0,0,0,0,F,0
Male,31,25 - 45,Caucasian,0,0,0,0,M,0
Female,32,25 - 45,African-American,3,0,0,0,F,0
Male,27,25 - 45,African-American,1,0,0,0,F,1
Male,29,25 - 45,Caucasian,6,0,0,0,F,1
Male,59,Greater than 45,African-American,3,0,0,0,F,0
Male,24,Less than 25,African-American,1,0,0,0,M,1
Male,33,25 - 45,African-American,0,0,0,0,F,0
Male,28,25 - 45,Caucasian,9,0,0,0,F,1
Male,24,Less than 25,African-American,9,1,0,1,M,1
Male,31,25 - 45,African-American,16,2,1,1,F,1
Male,24,Less than 25,African-American,0,0,0,0,F,0
Male,23,Less than 25,African-American,7,0,1,0,F,1
Male,62,Greater than 45,Caucasian,0,0,0,0,F,0
Female,25,25 - 45,African-American,4,0,0,0,F,1
Male,49,Greater than 45,African-American,1,0,0,0,M,0
Male,50,Greater than 45,Caucasian,0,0,0,0,F,1
Male,47,Greater than 45,African-American,3,0,0,0,F,1
Male,37,25 - 45,African-American,14,0,0,0,F,0
Male,26,25 - 45,Caucasian,0,0,0,0,M,0
Male,28,25 - 45,African-American,21,0,2,0,F,0
Female,26,25 - 45,African-American,3,0,0,0,F,1
Male,20,Less than 25,African-American,1,0,1,0,F,1
Male,34,25 - 45,African-American,9,0,0,0,F,1
Male,46,Greater than 45,African-American,9,1,0,1,F,1
Male,21,Less than 25,African-American,0,0,0,1,F,1
Female,27,25 - 45,Caucasian,2,0,0,0,F,1
Male,21,Less than 25,African-American,3,0,1,1,M,1
Male,29,25 - 45,Caucasian,1,0,0,0,F,0
Male,46,Greater than 45,Caucasian,4,0,0,0,F,0
Male,24,Less than 25,African-American,0,0,0,0,F,0
Male,57,Greater than 45,African-American,8,0,0,0,M,1
Male,33,25 - 45,African-American,4,0,0,0,F,1
Male,23,Less than 25,African-American,4,0,1,0,F,1
Male,29,25 - 45,African-American,5,0,0,0,F,0
Male,22,Less than 25,Caucasian,0,0,0,0,M,1
Female,33,25 - 45,Caucasian,1,0,0,0,M,1
Male,40,25 - 45,African-American,3,0,0,0,F,1
Male,32,25 - 45,African-American,10,0,3,0,F,1
Male,24,Less than 25,African-American,1,0,0,0,M,0
Male,32,25 - 45,African-American,1,0,0,0,F,0
Male,19,Less than 25,African-American,2,0,1,0,F,1
Male,23,Less than 25,African-American,6,0,0,0,F,1
Male,39,25 - 45,Caucasian,17,6,1,0,F,1
Male,25,25 - 45,African-American,1,0,0,0,F,0
Male,42,25 - 45,African-American,6,0,0,0,F,1
Male,29,25 - 45,Caucasian,1,0,0,0,M,0
Male,38,25 - 45,Caucasian,2,0,0,0,M,0
Male,32,25 - 45,Caucasian,10,0,2,1,F,1
Male,23,Less than 25,Caucasian,4,0,0,0,M,1
Male,58,Greater than 45,African-American,10,0,0,0,F,1
Male,42,25 - 45,African-American,9,0,0,0,F,1
Male,26,25 - 45,Caucasian,1,0,0,0,F,1
Male,27,25 - 45,Caucasian,1,0,0,0,F,0
Male,33,25 - 45,Caucasian,1,0,0,0,F,0
Male,33,25 - 45,African-American,2,0,0,0,F,1
Male,23,Less than 25,African-American,0,0,0,0,M,1
Male,25,25 - 45,African-American,4,0,1,0,F,1
Male,32,25 - 45,African-American,0,0,0,0,F,1
Female,29,25 - 45,Caucasian,0,0,0,0,M,0
Male,38,25 - 45,African-American,19,0,0,0,F,1
Male,29,25 - 45,Caucasian,0,0,0,0,M,0
Male,27,25 - 45,African-American,6,0,0,0,F,1
Male,25,25 - 45,Caucasian,0,0,0,0,M,1
Female,31,25 - 45,Caucasian,2,0,0,2,F,1
Male,30,25 - 45,African-American,8,0,0,0,F,1
Male,41,25 - 45,African-American,0,0,0,0,F,0
Male,59,Greater than 45,African-American,8,0,0,0,F,0
Male,21,Less than 25,Caucasian,1,0,0,0,M,1
Male,27,25 - 45,African-American,6,0,0,0,F,1
Male,30,25 - 45,African-American,0,0,0,0,F,0
Male,43,25 - 45,Caucasian,4,0,0,0,F,0
Female,24,Less than 25,Caucasian,2,0,0,1,F,0
Male,45,Greater than 45,African-American,13,0,0,0,M,1
Male,23,Less than 25,Caucasian,0,0,0,1,F,1
Female,40,25 - 45,Caucasian,5,0,0,0,F,0
Female,23,Less than 25,African-American,0,0,0,0,F,0
Male,39,25 - 45,African-American,3,0,0,0,F,0
Female,26,25 - 45,African-American,5,0,0,0,F,1
Female,26,25 - 45,Caucasian,0,0,0,0,M,0
Male,21,Less than 25,African-American,0,0,0,0,M,0
Male,30,25 - 45,Caucasian,3,0,1,1,F,0
Male,44,25 - 45,Caucasian,0,0,0,0,F,0
Male,21,Less than 25,African-American,1,0,0,0,F,1
Male,23,Less than 25,African-American,0,0,0,0,M,0
Female,49,Greater than 45,African-American,1,0,0,0,F,0
Male,23,Less than 25,African-American,3,0,0,0,F,1
Male,24,Less than 25,African-American,1,0,0,0,F,1
Female,21,Less than 25,African-American,1,0,0,0,F,1
Female,37,25 - 45,Caucasian,7,0,0,0,F,1
Male,28,25 - 45,Caucasian,2,0,0,0,F,1
Female,24,Less than 25,African-American,2,0,0,0,F,1
Male,31,25 - 45,Caucasian,0,0,0,0,F,0
Male,24,Less than 25,African-American,2,1,0,0,M,1
Male,25,25 - 45,African-American,1,0,0,0,F,0
Male,33,25 - 45,African-American,1,0,0,0,M,1
Male,26,25 - 45,African-American,24,1,3,0,M,1
Male,27,25 - 45,African-American,1,0,0,0,F,0
Male,46,Greater than 45,Caucasian,0,0,0,0,F,0
Female,38,25 - 45,Caucasian,1,0,0,0,M,1
Female,24,Less than 25,African-American,0,0,0,0,M,0
Female,38,25 - 45,African-American,0,0,0,0,M,0
Male,27,25 - 45,African-American,7,0,0,0,F,1
Male,48,Greater than 45,African-American,6,0,0,0,F,0
Female,31,25 - 45,Caucasian,2,0,0,0,F,1
Male,28,25 - 45,African-American,5,0,0,0,M,1
Male,25,25 - 45,Caucasian,6,0,0,1,M,1
Male,55,Greater than 45,Caucasian,0,0,0,0,M,0
Male,40,25 - 45,African-American,5,0,0,0,F,1
Male,21,Less than 25,African-American,0,0,0,0,F,1
Male,28,25 - 45,African-American,10,0,1,0,F,1
Male,20,Less than 25,African-American,2,0,1,0,F,1
Male,31,25 - 45,African-American,10,5,0,0,F,1
Female,57,Greater than 45,African-American,0,0,0,0,M,0
Male,25,25 - 45,African-American,0,0,0,0,M,0
Male,22,Less than 25,African-American,7,0,4,0,F,1
Male,31,25 - 45,African-American,3,0,0,0,F,1
Male,43,25 - 45,African-American,7,0,0,0,F,0
Female,25,25 - 45,Caucasian,0,0,0,0,M,0
Male,40,25 - 45,African-American,1,0,0,0,F,0
Male,20,Less than 25,African-American,0,0,0,0,F,1
Male,35,25 - 45,African-American,2,0,0,0,M,0
Male,34,25 - 45,African-American,1,0,0,0,M,1
Male,27,25 - 45,Caucasian,18,0,0,1,F,1
Female,38,25 - 45,African-American,3,0,0,0,F,1
Male,21,Less than 25,Caucasian,0,0,0,0,F,1
Male,25,25 - 45,African-American,0,0,0,0,M,1
Male,53,Greater than 45,African-American,6,0,0,0,M,1
Female,50,Greater than 45,African-American,4,0,0,0,F,0
Female,23,Less than 25,Caucasian,1,0,0,0,M,0
Male,27,25 - 45,Caucasian,0,0,0,0,M,1
Male,29,25 - 45,African-American,5,0,0,0,F,1
Male,38,25 - 45,African-American,1,0,0,0,M,0
Female,54,Greater than 45,Caucasian,2,0,0,0,F,0
Male,26,25 - 45,African-American,1,0,0,0,F,1
Male,37,25 - 45,African-American,23,1,8,5,F,1
Male,36,25 - 45,African-American,25,0,2,1,M,1
Male,28,25 - 45,African-American,18,0,0,0,F,1
Male,49,Greater than 45,African-American,1,0,0,0,M,0
Male,36,25 - 45,African-American,11,0,0,0,F,0
Female,41,25 - 45,Caucasian,0,0,0,0,F,0
Male,40,25 - 45,Caucasian,9,1,0,0,F,0
Male,21,Less than 25,African-American,7,1,0,0,F,1
Male,33,25 - 45,Caucasian,0,0,0,0,F,0
Male,26,25 - 45,African-American,7,0,0,0,F,0
Female,27,25 - 45,African-American,0,0,0,0,M,1
Male,35,25 - 45,African-American,1,0,0,0,F,0
Male,27,25 - 45,African-American,3,0,0,0,M,0
Female,31,25 - 45,African-American,3,0,0,0,F,0
Male,36,25 - 45,African-American,26,1,0,0,F,1
Male,50,Greater than 45,Caucasian,1,0,0,0,F,0
Male,52,Greater than 45,Caucasian,1,0,0,0,F,0
Male,24,Less than 25,African-American,1,0,0,0,M,0
Male,38,25 - 45,African-American,0,0,0,0,F,0
Male,54,Greater than 45,African-American,11,0,0,0,F,0
Male,71,Greater than 45,Caucasian,13,0,0,0,F,0
Male,27,25 - 45,African-American,9,0,4,4,F,1
Female,39,25 - 45,Caucasian,1,0,0,0,F,0
Female,36,25 - 45,African-American,5,0,0,0,F,1
Male,55,Greater than 45,African-American,0,0,0,0,F,0
Male,27,25 - 45,Caucasian,0,0,0,0,F,0
Male,23,Less than 25,African-American,2,0,0,3,F,1
Male,20,Less than 25,African-American,1,1,0,0,F,1
Female,31,25 - 45,African-American,10,0,2,0,F,0
Male,24,Less than 25,Caucasian,8,0,0,0,F,0
Female,37,25 - 45,Caucasian,2,0,0,0,F,1
Male,26,25 - 45,Caucasian,0,0,0,0,F,0
Male,29,25 - 45,Caucasian,0,0,0,0,F,0
Male,41,25 - 45,African-American,4,0,0,0,M,1
Male,37,25 - 45,African-American,0,0,0,0,F,1
Male,46,Greater than 45,Caucasian,2,0,0,0,F,0
Female,56,Greater than 45,Caucasian,10,0,0,0,F,1
Male,23,Less than 25,African-American,0,0,0,0,F,1
Female,23,Less than 25,African-American,1,0,0,0,F,1
Male,25,25 - 45,African-American,0,0,0,0,F,1
Male,24,Less than 25,African-American,1,0,0,0,F,1
Male,24,Less than 25,Caucasian,2,0,0,0,F,1
Male,23,Less than 25,African-American,0,0,0,0,F,1
Male,43,25 - 45,Caucasian,2,0,0,0,F,0
Female,53,Greater than 45,Caucasian,0,0,0,0,M,0
Male,24,Less than 25,African-American,1,0,0,0,F,1
Male,28,25 - 45,African-American,0,0,0,0,F,0
Male,21,Less than 25,Caucasian,1,0,0,0,F,0
Male,33,25 - 45,Caucasian,3,0,0,0,F,1
Female,35,25 - 45,African-American,1,0,0,0,F,0
Male,55,Greater than 45,Caucasian,3,0,0,0,M,0
Male,28,25 - 45,African-American,0,0,0,0,M,0
Male,44,25 - 45,Caucasian,0,0,0,0,M,1
Male,19,Less than 25,African-American,3,2,1,1,F,1
Male,24,Less than 25,African-American,3,0,0,1,F,1
Male,50,Greater than 45,Caucasian,2,0,0,0,F,0
Male,31,25 - 45,African-American,0,0,0,0,M,0
Female,28,25 - 45,Caucasian,0,0,0,0,F,1
Male,42,25 - 45,Caucasian,0,0,0,0,F,0
Male,21,Less than 25,African-American,0,0,0,0,M,1
Male,21,Less than 25,Caucasian,0,0,0,0,F,1
Male,31,25 - 45,Caucasian,3,0,0,0,F,1
Male,27,25 - 45,Caucasian,0,0,0,0,F,1
Male,28,25 - 45,African-American,7,0,0,0,F,1
Male,67,Greater than 45,Caucasian,0,0,0,0,M,0
Female,32,25 - 45,African-American,11,0,0,0,F,0
Male,44,25 - 45,African-American,7,0,0,0,F,0
Male,25,25 - 45,African-American,1,0,0,0,F,1
Female,30,25 - 45,African-American,15,0,0,0,M,1
Male,28,25 - 45,Caucasian,9,0,1,0,M,0
Male,27,25 - 45,African-American,0,0,0,0,F,1
Female,25,25 - 45,Caucasian,0,0,0,0,M,0
Male,31,25 - 45,Caucasian,5,0,0,0,F,1
Male,30,25 - 45,Caucasian,0,0,0,0,M,1
Male,33,25 - 45,African-American,4,0,0,0,F,0
Male,26,25 - 45,African-American,1,0,0,0,M,1
Female,22,Less than 25,Caucasian,2,0,0,0,M,1
Male,50,Greater than 45,Caucasian,0,0,0,0,F,0
Male,58,Greater than 45,Caucasian,1,0,0,0,F,1
Male,34,25 - 45,Caucasian,3,0,0,0,M,1
Male,32,25 - 45,Caucasian,1,0,0,0,F,1
Male,29,25 - 45,African-American,0,0,0,0,M,1
Male,27,25 - 45,African-American,0,0,0,0,M,0
Male,39,25 - 45,Caucasian,5,0,0,0,F,0
Male,24,Less than 25,African-American,0,0,0,0,F,0
Male,38,25 - 45,African-American,8,1,0,0,M,0
Male,52,Greater than 45,Caucasian,7,0,0,0,F,0
Male,56,Greater than 45,African-American,3,0,0,0,M,1
Male,46,Greater than 45,Caucasian,7,0,0,0,F,1
Male,38,25 - 45,Caucasian,5,0,0,0,F,1
Male,47,Greater than 45,Caucasian,3,0,0,0,M,0
Male,32,25 - 45,Caucasian,0,0,0,0,F,0
Male,34,25 - 45,African-American,27,0,1,0,M,0
Male,42,25 - 45,African-American,5,0,0,0,F,0
Female,35,25 - 45,African-American,0,0,0,0,M,1
Male,20,Less than 25,Caucasian,0,0,0,0,F,1
Female,32,25 - 45,Caucasian,2,0,0,0,F,1
Male,21,Less than 25,Caucasian,0,0,0,1,M,0
Male,24,Less than 25,African-American,0,0,0,0,M,1
Male,24,Less than 25,African-American,1,0,0,0,M,1
Male,26,25 - 45,African-American,0,0,0,0,M,1
Male,52,Greater than 45,Caucasian,8,0,0,0,F,0
Male,27,25 - 45,African-American,1,0,0,0,M,0
Female,27,25 - 45,Caucasian,0,0,0,0,M,0
Male,56,Greater than 45,Caucasian,0,0,0,0,F,0
Male,52,Greater than 45,Caucasian,16,0,0,0,F,1
Male,37,25 - 45,African-American,3,0,0,0,F,1
Male,45,Greater than 45,African-American,0,0,0,0,M,0
Female,36,25 - 45,Caucasian,3,0,0,0,F,1
Female,29,25 - 45,African-American,0,0,0,0,F,0
Male,27,25 - 45,African-American,11,0,1,0,F,0
Male,28,25 - 45,African-American,11,1,0,1,F,1
Male,38,25 - 45,African-American,4,0,0,0,M,0
Female,19,Less than 25,African-American,1,0,0,0,F,1
Female,37,25 - 45,Caucasian,1,0,0,0,F,0
Male,34,25 - 45,African-American,0,0,0,0,M,1
Male,37,25 - 45,Caucasian,7,0,0,0,F,1
Male,21,Less than 25,African-American,1,0,0,1,F,0
Male,21,Less than 25,African-American,0,0,0,0,F,1
Female,38,25 - 45,Caucasian,3,0,0,0,F,0
Male,47,Greater than 45,African-American,1,0,0,0,M,0
Male,56,Greater than 45,Caucasian,3,0,0,0,F,0
Male,27,25 - 45,African-American,2,0,0,0,F,1
Male,23,Less than 25,African-American,0,0,0,0,M,0
Male,57,Greater than 45,Caucasian,0,0,0,0,F,0
Male,25,25 - 45,African-American,9,0,1,0,F,0
Female,23,Less than 25,African-American,2,0,0,0,F,1
Male,32,25 - 45,African-American,8,0,0,0,F,1
Female,36,25 - 45,African-American,2,0,0,0,M,0
Male,41,25 - 45,African-American,5,0,0,0,M,0
Male,21,Less than 25,African-American,1,0,0,0,F,1
Male,31,25 - 45,African-American,2,0,0,0,M,0
Male,37,25 - 45,Caucasian,0,0,0,0,M,0
Male,27,25 - 45,African-American,0,0,0,0,F,0
Male,22,Less than 25,African-American,2,0,0,0,F,1
Male,59,Greater than 45,Caucasian,2,0,0,0,F,0
Female,33,25 - 45,African-American,0,0,0,0,F,1
Female,43,25 - 45,African-American,2,0,0,0,F,0
Male,25,25 - 45,Caucasian,5,0,0,0,F,1
Male,23,Less than 25,African-American,3,0,0,0,F,1
Female,43,25 - 45,Caucasian,3,0,0,0,M,1
Male,56,Greater than 45,Caucasian,9,0,0,0,M,1
Female,20,Less than 25,African-American,1,0,0,0,F,1
Male,50,Greater than 45,African-American,2,0,0,0,M,1
Female,54,Greater than 45,Caucasian,1,0,0,0,M,0
Male,20,Less than 25,African-American,1,0,0,0,F,1
Female,36,25 - 45,African-American,3,0,0,0,F,1
Male,56,Greater than 45,African-American,0,0,0,0,M,0
Male,25,25 - 45,African-American,2,1,0,0,F,0
Female,42,25 - 45,Caucasian,1,0,0,0,F,1
Male,48,Greater than 45,African-American,4,0,0,0,F,0
Male,34,25 - 45,African-American,21,1,0,0,M,1
Male,28,25 - 45,Caucasian,0,0,0,0,F,0
Male,32,25 - 45,Caucasian,1,0,0,0,F,0
Female,31,25 - 45,Caucasian,2,0,0,0,F,0
Female,24,Less than 25,African-American,4,0,0,0,F,1
Female,25,25 - 45,Caucasian,0,0,0,0,F,1
Female,32,25 - 45,Caucasian,4,0,0,1,F,0
Male,37,25 - 45,African-American,20,0,0,0,F,1
Male,24,Less than 25,African-American,1,0,0,0,F,1
Male,48,Greater than 45,African-American,0,0,0,0,M,0
Male,35,25 - 45,African-American,1,0,0,0,F,0
Male,21,Less than 25,African-American,1,0,0,0,F,1
Female,21,Less than 25,African-American,0,0,0,0,F,1
Female,27,25 - 45,Caucasian,0,0,0,0,F,1
Male,22,Less than 25,African-American,0,0,0,0,F,0
Male,28,25 - 45,African-American,4,0,0,0,F,0
Male,26,25 - 45,African-American,0,0,0,0,M,0
Male,34,25 - 45,Caucasian,0,0,0,0,F,0
Male,22,Less than 25,African-American,3,0,0,0,F,0
Male,44,25 - 45,Caucasian,5,0,0,0,F,0
Male,57,Greater than 45,Caucasian,1,0,0,0,F,0
Male,22,Less than 25,African-American,0,0,0,1,F,1
Male,24,Less than 25,African-American,7,0,0,0,F,1
Male,20,Less than 25,Caucasian,0,0,0,0,F,0
Male,60,Greater than 45,African-American,13,0,0,0,F,0
Female,22,Less than 25,African-American,2,0,0,0,F,0
Male,72,Greater than 45,Caucasian,7,0,0,0,F,0
Male,33,25 - 45,African-American,3,0,0,0,F,1
Male,24,Less than 25,African-American,1,0,0,0,F,1
Male,60,Greater than 45,African-American,0,0,0,0,F,0
Male,24,Less than 25,Caucasian,3,0,0,0,F,1
Male,30,25 - 45,African-American,1,0,0,0,M,0
Female,43,25 - 45,Caucasian,0,0,0,0,M,0
Male,45,Greater than 45,African-American,1,0,0,0,M,0
Male,31,25 - 45,Caucasian,1,0,0,0,M,0
Male,40,25 - 45,African-American,0,0,0,0,M,0
Male,50,Greater than 45,Caucasian,1,0,0,0,F,0
Male,41,25 - 45,African-American,7,0,0,0,F,0
Male,34,25 - 45,Caucasian,5,0,0,1,F,1
Female,28,25 - 45,Caucasian,0,0,0,0,F,0
Male,23,Less than 25,Caucasian,2,0,0,2,F,1
Male,21,Less than 25,Caucasian,1,0,0,1,F,1
Female,22,Less than 25,African-American,2,0,1,0,M,1
Male,29,25 - 45,African-American,6,0,0,0,F,1
Female,30,25 - 45,African-American,0,0,0,0,M,0
Male,45,Greater than 45,Caucasian,3,0,0,0,M,1
Female,24,Less than 25,African-American,2,0,0,0,F,0
Male,31,25 - 45,Caucasian,4,0,0,0,F,1
Male,56,Greater than 45,Caucasian,0,0,0,0,M,0
Male,24,Less than 25,African-American,14,0,4,0,F,1
Male,38,25 - 45,African-American,11,0,0,0,F,0
Male,51,Greater than 45,African-American,22,0,0,0,F,1
Male,22,Less than 25,Caucasian,0,0,0,0,F,0
Male,28,25 - 45,African-American,5,0,0,0,M,0
Male,47,Greater than 45,African-American,19,0,0,1,F,1
Male,51,Greater than 45,African-American,0,0,0,0,M,1
Male,25,25 - 45,Caucasian,1,0,0,0,M,0
Male,30,25 - 45,African-American,0,0,0,0,F,0
Male,33,25 - 45,Caucasian,0,0,0,0,F,1
Male,35,25 - 45,African-American,5,0,0,0,F,1
Female,33,25 - 45,African-American,0,0,0,0,F,0
Female,33,25 - 45,Caucasian,1,0,0,0,F,0
Male,27,25 - 45,African-American,2,0,0,0,F,1
Female,29,25 - 45,African-American,9,0,0,0,F,1
Male,24,Less than 25,African-American,3,0,0,3,F,1
Male,43,25 - 45,African-American,5,0,0,0,F,0
Male,37,25 - 45,African-American,11,0,0,0,M,1
Male,53,Greater than 45,African-American,13,0,0,0,F,0
Male,26,25 - 45,African-American,4,0,0,0,F,1
Female,30,25 - 45,Caucasian,1,0,0,0,M,0
Male,27,25 - 45,African-American,6,0,0,0,F,1
Male,39,25 - 45,Caucasian,9,0,0,0,F,1
Male,37,25 - 45,Caucasian,4,0,0,0,M,1
Male,22,Less than 25,Caucasian,3,0,0,0,M,1
Male,25,25 - 45,Caucasian,0,0,0,0,F,0
Female,28,25 - 45,Caucasian,0,0,0,0,M,0
Male,25,25 - 45,African-American,0,0,0,0,M,1
Male,58,Greater than 45,Caucasian,1,0,0,0,F,0
Female,29,25 - 45,Caucasian,1,0,0,0,M,1
Male,33,25 - 45,African-American,8,0,0,0,F,0
Male,38,25 - 45,African-American,0,0,0,0,F,0
Male,38,25 - 45,Caucasian,2,0,0,0,F,0
Male,59,Greater than 45,African-American,22,0,0,0,F,1
Male,53,Greater than 45,Caucasian,0,0,0,0,M,1
Male,33,25 - 45,African-American,2,0,0,0,F,1
Male,58,Greater than 45,Caucasian,1,0,0,0,M,0
Male,53,Greater than 45,Caucasian,2,0,0,0,F,0
Male,32,25 - 45,Caucasian,0,0,0,0,M,1
Male,35,25 - 45,African-American,6,0,0,0,F,1
Male,39,25 - 45,Caucasian,1,0,0,0,F,0
Female,42,25 - 45,Caucasian,5,0,0,0,M,1
Male,37,25 - 45,African-American,0,0,0,0,M,0
Male,39,25 - 45,Caucasian,0,0,0,0,F,0
Female,52,Greater than 45,Caucasian,3,0,0,0,M,0
Male,42,25 - 45,Caucasian,4,0,0,0,F,1
Male,23,Less than 25,African-American,6,0,0,0,F,1
Female,42,25 - 45,African-American,0,0,0,0,M,1
Male,28,25 - 45,African-American,5,0,0,0,F,0
Male,38,25 - 45,Caucasian,12,0,0,0,F,0
Female,43,25 - 45,African-American,2,0,0,0,F,1
Male,42,25 - 45,African-American,0,0,0,0,F,0
Female,25,25 - 45,Caucasian,0,0,0,0,M,0
Male,32,25 - 45,African-American,7,0,0,0,F,1
Male,21,Less than 25,African-American,0,0,0,0,F,1
Female,35,25 - 45,Caucasian,1,0,0,0,M,0
Male,37,25 - 45,Caucasian,0,0,0,0,F,0
Female,33,25 - 45,African-American,2,0,0,0,F,0
Female,51,Greater than 45,Caucasian,4,0,0,0,F,0
Male,39,25 - 45,Caucasian,3,0,0,0,F,0
Male,40,25 - 45,African-American,3,0,0,0,F,0
Male,32,25 - 45,African-American,17,0,0,0,F,1
Male,32,25 - 45,Caucasian,3,0,0,0,F,1
Male,32,25 - 45,African-American,10,0,0,0,F,1
Male,47,Greater than 45,Caucasian,5,0,0,0,M,1
Female,23,Less than 25,Caucasian,0,0,0,0,M,0
Male,63,Greater than 45,Caucasian,10,0,0,0,F,1
Male,38,25 - 45,African-American,16,0,1,0,F,1
Male,32,25 - 45,African-American,6,0,0,0,M,1
Male,31,25 - 45,African-American,4,0,0,0,F,1
Male,23,Less than 25,African-American,0,0,0,0,F,0
Female,47,Greater than 45,Caucasian,0,0,0,0,M,0
Male,33,25 - 45,Caucasian,1,0,0,0,F,1
Male,22,Less than 25,Caucasian,1,0,0,0,F,0
Male,40,25 - 45,Caucasian,0,0,0,0,M,1
Male,36,25 - 45,African-American,14,10,0,0,F,1
Female,65,Greater than 45,Caucasian,0,0,0,0,M,0
Female,22,Less than 25,African-American,0,0,0,0,M,0
Female,26,25 - 45,Caucasian,4,0,0,0,F,1
Male,52,Greater than 45,Caucasian,2,0,0,0,F,1
Male,34,25 - 45,African-American,5,0,0,0,F,0
Male,33,25 - 45,African-American,1,0,0,0,M,1
Male,21,Less than 25,African-American,1,0,1,2,F,0
Male,46,Greater than 45,African-American,9,0,0,0,F,0
Male,57,Greater than 45,Caucasian,1,0,0,0,M,0
Male,22,Less than 25,African-American,2,0,0,1,F,1
Female,48,Greater than 45,Caucasian,1,0,0,0,M,1
Male,40,25 - 45,African-American,21,0,0,0,F,0
Female,30,25 - 45,African-American,1,0,0,0,F,0
Male,21,Less than 25,Caucasian,4,0,1,0,M,1
Female,39,25 - 45,African-American,22,0,2,0,F,1
Female,33,25 - 45,Caucasian,0,0,0,0,M,1
Male,24,Less than 25,African-American,0,0,0,0,F,0
Male,43,25 - 45,African-American,0,0,0,0,F,1
Female,45,Greater than 45,Caucasian,0,0,0,0,M,0
Male,51,Greater than 45,African-American,3,0,0,0,F,0
Male,31,25 - 45,African-American,9,0,0,0,M,1
Male,27,25 - 45,Caucasian,0,0,0,0,M,0
Male,32,25 - 45,African-American,1,0,0,0,F,0
Male,49,Greater than 45,Caucasian,0,0,0,0,M,0
Male,29,25 - 45,African-American,2,0,0,0,F,0
Male,23,Less than 25,African-American,2,0,1,0,F,1
Male,30,25 - 45,Caucasian,0,0,0,0,M,0
Male,34,25 - 45,African-American,13,0,0,0,F,1
Male,33,25 - 45,African-American,4,0,0,0,F,0
Male,28,25 - 45,African-American,1,0,0,0,M,0
Male,29,25 - 45,African-American,1,0,0,0,F,0
Male,38,25 - 45,Caucasian,0,0,0,0,M,0
Male,37,25 - 45,Caucasian,0,0,0,0,F,0
Female,33,25 - 45,Caucasian,0,0,0,0,M,1
Male,51,Greater than 45,African-American,19,1,0,1,F,0
Male,65,Greater than 45,African-American,7,0,0,0,M,0
Female,32,25 - 45,African-American,1,0,0,0,M,0
Male,38,25 - 45,Caucasian,5,0,0,0,F,1
Male,35,25 - 45,African-American,1,0,0,0,F,0
Male,57,Greater than 45,Caucasian,1,0,0,0,F,0
Male,26,25 - 45,Caucasian,1,0,0,0,F,0
Female,36,25 - 45,African-American,4,2,0,0,M,1
Male,35,25 - 45,Caucasian,3,0,0,0,F,1
Male,33,25 - 45,African-American,0,0,0,0,F,0
Male,47,Greater than 45,Caucasian,0,0,0,0,M,0
Male,35,25 - 45,Caucasian,1,0,0,0,M,1
Female,36,25 - 45,African-American,1,0,0,0,F,1
Female,25,25 - 45,Caucasian,0,0,0,0,M,0
Male,51,Greater than 45,Caucasian,6,0,0,0,F,1
Male,24,Less than 25,African-American,8,0,0,4,F,1
Male,32,25 - 45,Caucasian,0,0,0,0,F,1
Male,43,25 - 45,African-American,8,0,0,0,F,1
Male,45,Greater than 45,African-American,20,1,0,1,M,0
Male,42,25 - 45,African-American,10,0,0,0,M,1
Male,22,Less than 25,African-American,1,0,0,0,F,1
Male,49,Greater than 45,African-American,4,0,0,0,F,0
Male,42,25 - 45,African-American,0,0,0,0,F,1
Male,40,25 - 45,Caucasian,0,0,0,0,M,1
Male,25,25 - 45,African-American,2,0,1,0,F,1
Male,25,25 - 45,Caucasian,0,0,0,0,M,1
Male,23,Less than 25,African-American,0,0,0,0,F,0
Male,21,Less than 25,Caucasian,2,0,0,0,F,1
Male,31,25 - 45,Caucasian,3,0,0,0,M,0
Female,28,25 - 45,African-American,0,0,0,0,M,0
Male,24,Less than 25,African-American,11,0,0,0,F,1
Male,45,Greater than 45,Caucasian,0,0,0,0,F,0
Male,23,Less than 25,African-American,2,0,0,0,M,1
Male,39,25 - 45,African-American,7,0,0,0,F,1
Male,24,Less than 25,African-American,1,0,1,0,F,0
Male,46,Greater than 45,Caucasian,1,0,0,0,F,0
Male,47,Greater than 45,Caucasian,3,0,0,0,F,0
Male,22,Less than 25,African-American,1,0,0,1,M,1
Female,34,25 - 45,Caucasian,0,0,0,0,M,0
Male,33,25 - 45,Caucasian,0,0,0,0,M,1
Male,29,25 - 45,African-American,16,0,0,1,F,1
Male,29,25 - 45,African-American,0,0,0,0,M,0
Female,25,25 - 45,Caucasian,2,0,0,0,M,1
Male,34,25 - 45,Caucasian,16,0,0,0,F,1
Female,55,Greater than 45,African-American,1,0,0,0,F,0
Male,27,25 - 45,African-American,0,0,0,0,F,1
Male,26,25 - 45,African-American,0,0,0,0,M,0
Male,39,25 - 45,African-American,19,2,2,1,F,1
Male,24,Less than 25,African-American,1,0,0,0,F,0
Male,29,25 - 45,Caucasian,0,0,0,0,M,0
Male,50,Greater than 45,African-American,13,0,0,0,F,1
Male,31,25 - 45,African-American,4,0,0,0,F,1
Male,26,25 - 45,Caucasian,2,1,0,0,F,0
Male,54,Greater than 45,Caucasian,2,0,0,0,F,0
Male,33,25 - 45,African-American,14,0,0,0,F,1
Male,22,Less than 25,African-American,0,0,0,0,M,1
Male,35,25 - 45,African-American,8,0,1,0,F,0
Male,25,25 - 45,African-American,0,0,0,0,F,0
Male,25,25 - 45,African-American,0,0,0,0,F,0
Male,44,25 - 45,African-American,0,0,0,0,F,1
Female,29,25 - 45,Caucasian,2,0,0,0,F,1
Male,46,Greater than 45,Caucasian,2,0,0,0,F,1
Male,53,Greater than 45,Caucasian,0,0,0,0,M,0
Male,24,Less than 25,African-American,2,0,0,0,F,1
Female,52,Greater than 45,African-American,2,0,0,0,F,1
Male,27,25 - 45,African-American,0,0,0,0,M,1
Male,41,25 - 45,Caucasian,0,0,0,0,F,0
Female,21,Less than 25,African-American,0,0,0,0,F,1
Male,24,Less than 25,Caucasian,1,0,0,0,F,0
Male,23,Less than 25,Caucasian,0,0,0,0,M,0
Male,42,25 - 45,African-American,0,0,0,0,F,0
Male,24,Less than 25,African-American,5,5,0,0,F,1
Male,26,25 - 45,African-American,4,0,0,0,F,1
Male,50,Greater than 45,Caucasian,9,0,0,0,F,1
Female,32,25 - 45,African-American,3,0,0,0,M,0
Male,40,25 - 45,African-American,13,0,0,0,F,0
Male,27,25 - 45,African-American,2,0,0,0,F,0
Male,23,Less than 25,Caucasian,0,0,0,0,F,1
Male,37,25 - 45,African-American,22,0,0,0,M,1
Male,32,25 - 45,African-American,1,0,0,0,M,1
Male,52,Greater than 45,Caucasian,4,0,0,0,M,1
Male,29,25 - 45,Caucasian,2,0,0,0,F,0
Male,49,Greater than 45,African-American,0,0,0,0,M,0
Male,50,Greater than 45,Caucasian,0,0,0,0,F,0
Male,26,25 - 45,Caucasian,2,0,0,0,F,1
Female,34,25 - 45,Caucasian,0,0,0,0,F,1
Female,28,25 - 45,Caucasian,1,0,0,0,F,0
Male,30,25 - 45,African-American,0,0,0,0,F,1
Male,24,Less than 25,African-American,3,0,0,0,F,1
Male,25,25 - 45,African-American,0,0,0,0,M,1
Male,25,25 - 45,African-American,4,0,0,0,M,1
Male,45,Greater than 45,Caucasian,2,0,0,0,F,0
Male,26,25 - 45,Caucasian,1,0,0,0,F,1
Male,40,25 - 45,Caucasian,2,0,0,0,M,0
Male,21,Less than 25,African-American,1,0,0,0,F,1
Male,55,Greater than 45,Caucasian,0,0,0,0,M,0
Male,22,Less than 25,Caucasian,1,0,0,0,F,1
Female,23,Less than 25,African-American,1,0,0,0,F,0
Male,57,Greater than 45,Caucasian,9,0,0,0,F,1
Male,33,25 - 45,Caucasian,0,0,0,0,M,1
Male,32,25 - 45,Caucasian,2,0,0,0,F,0
Male,47,Greater than 45,Caucasian,3,0,0,0,F,0
Male,51,Greater than 45,Caucasian,6,0,0,0,M,1
Male,22,Less than 25,African-American,1,0,1,0,F,0
Male,47,Greater than 45,Caucasian,2,0,0,0,F,0
Male,28,25 - 45,Caucasian,1,0,0,0,F,1
Male,28,25 - 45,African-American,5,0,0,0,F,0
Female,44,25 - 45,Caucasian,1,0,0,0,M,1
Male,25,25 - 45,African-American,0,0,0,0,F,1
Male,34,25 - 45,African-American,4,0,0,0,M,0
Male,65,Greater than 45,Caucasian,0,0,0,0,M,0
Male,33,25 - 45,Caucasian,5,0,0,0,F,1
Female,23,Less than 25,Caucasian,0,0,0,0,M,0
Female,44,25 - 45,Caucasian,0,0,0,0,M,0
Male,24,Less than 25,African-American,1,0,0,0,M,0
Male,51,Greater than 45,Caucasian,1,0,0,0,M,0
Female,21,Less than 25,African-American,0,0,0,0,F,1
Male,39,25 - 45,Caucasian,6,0,0,0,F,0
Male,29,25 - 45,African-American,29,0,0,0,F,1
Male,24,Less than 25,Caucasian,1,0,0,0,F,0
Female,23,Less than 25,African-American,0,0,0,0,F,1
Male,31,25 - 45,African-American,11,0,0,2,F,1
Female,35,25 - 45,African-American,0,0,0,0,M,0
Female,39,25 - 45,African-American,4,0,0,0,F,0
Male,51,Greater than 45,Caucasian,0,0,0,0,M,0
Male,22,Less than 25,Caucasian,1,0,0,1,F,0
Male,29,25 - 45,Caucasian,2,0,0,0,F,0
Male,32,25 - 45,Caucasian,6,0,0,0,F,1
Male,33,25 - 45,Caucasian,3,0,0,0,M,1
Male,58,Greater than 45,Caucasian,5,0,0,0,F,1
Male,33,25 - 45,African-American,2,0,0,0,F,1
Male,48,Greater than 45,African-American,10,0,0,0,F,0
Male,23,Less than 25,African-American,0,0,0,0,M,0
Male,23,Less than 25,Caucasian,2,0,0,0,F,1
Male,29,25 - 45,African-American,0,0,0,0,M,1
Male,48,Greater than 45,Caucasian,2,0,0,0,F,0
Male,37,25 - 45,Caucasian,4,0,0,0,M,1
Male,50,Greater than 45,Caucasian,3,0,0,0,F,0
Male,19,Less than 25,African-American,3,0,0,0,F,1
Male,49,Greater than 45,African-American,13,2,0,0,F,0
Male,58,Greater than 45,Caucasian,2,0,0,0,F,0
Male,31,25 - 45,African-American,6,0,0,0,F,0
Male,23,Less than 25,African-American,1,0,0,2,M,0
Female,23,Less than 25,African-American,0,0,0,0,F,1
Male,31,25 - 45,Caucasian,17,0,0,0,F,1
Male,57,Greater than 45,Caucasian,6,0,0,0,F,0
Female,31,25 - 45,Caucasian,0,0,0,0,M,0
Male,57,Greater than 45,African-American,19,0,0,0,F,0
Male,57,Greater than 45,Caucasian,12,0,0,0,M,0
Male,29,25 - 45,African-American,6,0,0,0,M,1
Male,30,25 - 45,African-American,0,0,0,0,M,1
Male,45,Greater than 45,African-American,11,0,0,0,F,0
Male,42,25 - 45,Caucasian,0,0,0,0,F,0
Male,29,25 - 45,African-American,12,0,2,0,F,1
Female,28,25 - 45,Caucasian,0,0,0,0,F,0
Male,25,25 - 45,African-American,1,0,0,0,M,1
Female,34,25 - 45,Caucasian,3,0,0,0,M,0
Male,27,25 - 45,African-American,0,0,0,0,F,0
Male,39,25 - 45,African-American,4,0,0,0,F,0
Male,27,25 - 45,African-American,4,0,0,0,F,1
Male,30,25 - 45,Caucasian,7,0,0,1,F,1
Male,31,25 - 45,African-American,15,3,0,1,M,1
Male,20,Less than 25,African-American,1,0,0,1,M,1
Male,26,25 - 45,Caucasian,2,0,0,0,F,1
Male,34,25 - 45,Caucasian,0,0,0,0,F,1
Male,27,25 - 45,Caucasian,0,0,0,0,M,0
Male,29,25 - 45,African-American,4,0,0,0,F,0
Male,27,25 - 45,African-American,7,0,0,0,F,0
Female,24,Less than 25,Caucasian,0,0,0,0,F,0
Male,29,25 - 45,African-American,0,0,0,0,F,1
Male,20,Less than 25,Caucasian,0,0,0,0,F,0
Female,23,Less than 25,Caucasian,0,0,0,0,F,0
Female,48,Greater than 45,African-American,0,0,0,0,M,0
Male,34,25 - 45,African-American,0,0,0,0,M,1
Male,46,Greater than 45,African-American,1,0,0,0,M,1
Female,41,25 - 45,Caucasian,3,0,0,0,F,0
Male,26,25 - 45,African-American,3,0,0,0,F,1
Male,37,25 - 45,African-American,11,0,0,0,F,1
Female,22,Less than 25,Caucasian,2,0,0,0,F,0
Male,32,25 - 45,African-American,7,0,0,0,F,0
Male,44,25 - 45,African-American,0,0,0,0,M,0
Male,60,Greater than 45,African-American,3,0,0,0,M,0
Male,49,Greater than 45,Caucasian,0,0,0,0,F,0
Male,30,25 - 45,African-American,10,0,0,0,M,1
Male,52,Greater than 45,Caucasian,0,0,0,0,F,0
Male,34,25 - 45,African-American,0,0,0,0,F,0
Male,55,Greater than 45,African-American,5,0,0,0,F,1
Male,33,25 - 45,African-American,0,0,0,0,M,0
Male,22,Less than 25,African-American,0,0,0,0,F,1
Female,27,25 - 45,African-American,0,0,0,0,M,0
Male,20,Less than 25,African-American,0,0,0,2,F,1
Male,33,25 - 45,Caucasian,0,0,0,0,F,0
Male,26,25 - 45,African-American,0,0,0,0,M,0
Male,29,25 - 45,African-American,0,0,0,0,M,0
Male,32,25 - 45,African-American,1,0,0,0,M,0
Male,37,25 - 45,Caucasian,4,0,0,0,M,0
Male,31,25 - 45,African-American,15,0,0,0,F,0
Male,29,25 - 45,African-American,6,0,0,0,F,1
Male,31,25 - 45,African-American,6,0,0,0,F,0
Female,36,25 - 45,Caucasian,2,0,0,0,F,0
Female,37,25 - 45,African-American,1,0,0,0,F,0
Male,34,25 - 45,Caucasian,5,0,0,0,M,1
Male,20,Less than 25,Caucasian,1,0,0,0,M,1
Male,24,Less than 25,Caucasian,8,0,0,2,F,1
Male,29,25 - 45,African-American,8,0,1,0,M,1
Female,45,Greater than 45,African-American,1,0,0,0,F,0
Male,34,25 - 45,Caucasian,2,0,0,0,F,1
Male,70,Greater than 45,African-American,0,0,0,0,M,0
Male,23,Less than 25,African-American,4,1,0,0,F,0
Male,27,25 - 45,Caucasian,5,0,0,0,M,0
Male,44,25 - 45,Caucasian,6,0,0,0,F,1
Male,26,25 - 45,African-American,0,0,0,0,M,0
Female,23,Less than 25,Caucasian,2,0,0,0,M,0
Male,27,25 - 45,African-American,3,0,0,0,F,1
Female,46,Greater than 45,Caucasian,1,0,0,0,F,0
Female,27,25 - 45,African-American,1,1,0,0,F,0
Male,45,Greater than 45,Caucasian,7,0,0,0,F,0
Male,42,25 - 45,African-American,1,0,0,0,M,0
Female,24,Less than 25,Caucasian,3,0,1,0,M,1
Male,20,Less than 25,African-American,2,1,1,1,F,1
Male,49,Greater than 45,Caucasian,3,0,0,0,F,0
Female,52,Greater than 45,Caucasian,1,0,0,0,F,0
Male,26,25 - 45,African-American,1,0,0,0,M,0
Male,53,Greater than 45,African-American,15,0,0,0,F,1
Male,38,25 - 45,African-American,0,0,0,0,M,1
Male,25,25 - 45,African-American,1,0,0,0,F,0
Male,21,Less than 25,African-American,1,1,0,0,F,1
Male,48,Greater than 45,African-American,0,0,0,0,M,0
Male,22,Less than 25,African-American,0,0,0,0,F,1
Male,38,25 - 45,Caucasian,2,0,0,0,M,0
Female,44,25 - 45,Caucasian,0,0,0,0,M,1
Male,64,Greater than 45,Caucasian,0,0,0,0,M,0
Male,38,25 - 45,Caucasian,5,0,0,0,M,1
Male,49,Greater than 45,African-American,1,0,0,0,F,0
Male,51,Greater than 45,African-American,3,0,0,0,F,0
Male,50,Greater than 45,African-American,0,0,0,0,F,0
Male,33,25 - 45,Caucasian,2,0,2,0,M,0
Female,54,Greater than 45,Caucasian,0,0,0,0,M,0
Male,42,25 - 45,African-American,17,0,0,0,M,1
Male,34,25 - 45,Caucasian,3,0,0,0,F,0
Male,38,25 - 45,Caucasian,2,0,0,0,F,1
Male,21,Less than 25,African-American,1,0,0,0,F,1
Male,33,25 - 45,African-American,5,0,0,0,F,0
Male,32,25 - 45,African-American,9,0,0,1,M,1
Male,45,Greater than 45,Caucasian,1,0,0,0,M,0
Male,30,25 - 45,Caucasian,1,0,0,0,F,1
Female,29,25 - 45,African-American,0,0,0,0,F,0
Female,51,Greater than 45,Caucasian,0,0,0,0,M,1
Female,28,25 - 45,African-American,0,0,0,0,F,0
Male,27,25 - 45,Caucasian,1,0,0,0,F,0
Female,30,25 - 45,African-American,0,0,0,0,F,0
Male,32,25 - 45,African-American,0,0,0,0,M,0
Male,27,25 - 45,Caucasian,5,0,0,0,F,0
Male,21,Less than 25,African-American,0,0,0,0,F,0
Female,34,25 - 45,Caucasian,0,0,0,0,F,1
Male,24,Less than 25,African-American,7,0,0,0,F,1
Male,32,25 - 45,Caucasian,0,0,0,0,M,0
Female,38,25 - 45,Caucasian,5,0,0,0,F,1
Male,56,Greater than 45,African-American,3,0,0,0,M,0
Female,44,25 - 45,African-American,0,0,0,0,M,0
Male,31,25 - 45,African-American,1,0,0,0,M,1
Female,25,25 - 45,Caucasian,6,0,0,0,F,0
Female,20,Less than 25,African-American,0,0,0,0,M,0
Male,35,25 - 45,African-American,1,0,0,0,M,0
Male,33,25 - 45,African-American,1,0,0,0,F,1
Male,24,Less than 25,African-American,0,0,0,0,M,0
Male,27,25 - 45,African-American,9,0,0,0,F,1
Male,38,25 - 45,African-American,9,0,0,0,F,1
Male,20,Less than 25,Caucasian,0,0,0,1,F,1
Male,30,25 - 45,African-American,9,0,0,0,F,1
Male,36,25 - 45,Caucasian,9,0,0,0,F,1
Male,23,Less than 25,African-American,2,0,0,0,M,1
Male,39,25 - 45,African-American,21,0,0,0,F,1
Male,29,25 - 45,Caucasian,3,0,0,0,F,1
Male,58,Greater than 45,Caucasian,2,0,0,0,M,1
Male,23,Less than 25,Caucasian,3,0,0,0,M,1
Female,68,Greater than 45,African-American,5,0,0,0,F,0
Female,26,25 - 45,Caucasian,2,0,0,0,M,0
Male,51,Greater than 45,African-American,0,0,0,0,F,1
Male,25,25 - 45,African-American,0,0,0,0,M,0
Male,40,25 - 45,African-American,5,0,0,0,F,1
Male,51,Greater than 45,African-American,14,0,0,0,F,0
Male,27,25 - 45,African-American,2,0,0,0,M,1
Male,49,Greater than 45,African-American,11,0,0,0,M,1
Male,20,Less than 25,African-American,0,0,0,0,F,0
Male,21,Less than 25,African-American,2,0,0,0,F,1
Female,31,25 - 45,African-American,0,0,0,0,F,0
Male,57,Greater than 45,African-American,0,0,0,0,M,0
Female,61,Greater than 45,Caucasian,8,0,0,0,F,1
Male,54,Greater than 45,African-American,3,0,0,0,F,1
Male,39,25 - 45,Caucasian,0,0,0,0,F,0
Male,24,Less than 25,African-American,1,0,1,0,F,0
Male,48,Greater than 45,African-American,8,0,0,1,F,1
Male,30,25 - 45,African-American,6,0,0,1,M,1
Male,26,25 - 45,African-American,10,0,1,0,F,1
Male,37,25 - 45,African-American,12,0,0,0,F,1
Male,26,25 - 45,African-American,4,0,0,0,F,1
Male,29,25 - 45,African-American,7,0,0,0,M,1
Male,26,25 - 45,African-American,1,0,0,0,M,1
Male,60,Greater than 45,African-American,2,0,0,0,F,0
Male,27,25 - 45,Caucasian,2,0,0,0,F,1
Male,22,Less than 25,Caucasian,1,0,0,1,F,0
Male,28,25 - 45,African-American,3,0,0,0,F,0
Male,33,25 - 45,African-American,13,0,0,0,F,1
Male,28,25 - 45,African-American,2,0,0,0,F,0
Male,55,Greater than 45,Caucasian,0,0,0,0,M,1
Male,21,Less than 25,African-American,6,0,1,0,F,1
Female,29,25 - 45,Caucasian,6,0,0,0,F,1
Male,24,Less than 25,African-American,2,0,0,0,M,1
Male,50,Greater than 45,African-American,12,0,0,0,F,1
Male,24,Less than 25,African-American,1,0,0,0,M,1
Male,47,Greater than 45,African-American,1,0,0,0,F,0
Male,54,Greater than 45,Caucasian,6,0,0,0,F,0
Female,42,25 - 45,Caucasian,0,0,0,0,M,0
Male,35,25 - 45,Caucasian,5,0,0,0,F,0
Male,30,25 - 45,African-American,0,0,0,0,F,1
Male,53,Greater than 45,Caucasian,1,0,0,0,F,0
Female,31,25 - 45,African-American,2,0,0,0,M,0
Male,31,25 - 45,African-American,0,0,0,0,F,1
Male,47,Greater than 45,African-American,9,0,0,0,F,0
Male,24,Less than 25,African-American,9,0,1,0,M,1
Female,22,Less than 25,African-American,2,0,1,0,F,0
Female,30,25 - 45,African-American,2,0,0,0,F,0
Female,43,25 - 45,Caucasian,22,0,0,0,M,1
Male,50,Greater than 45,African-American,0,0,0,0,M,0
Female,42,25 - 45,Caucasian,3,0,0,0,F,0
Female,29,25 - 45,Caucasian,1,0,0,0,F,1
Male,25,25 - 45,African-American,5,0,0,0,F,1
Male,36,25 - 45,African-American,4,0,0,0,F,0
Male,24,Less than 25,African-American,1,0,0,0,M,1
Male,28,25 - 45,Caucasian,5,0,0,0,F,0
Male,31,25 - 45,Caucasian,0,0,0,0,M,1
Male,23,Less than 25,African-American,0,0,0,0,F,0
Male,29,25 - 45,Caucasian,4,0,0,0,M,1
Male,51,Greater than 45,African-American,11,0,0,0,M,1
Male,34,25 - 45,African-American,1,0,0,0,F,0
Male,29,25 - 45,African-American,12,0,0,0,F,1
Male,39,25 - 45,African-American,13,0,1,0,F,1
Male,59,Greater than 45,African-American,15,0,0,0,M,1
Male,23,Less than 25,African-American,3,0,0,2,F,1
Male,31,25 - 45,African-American,15,0,0,0,F,0
Male,53,Greater than 45,Caucasian,0,0,0,0,M,0
Male,34,25 - 45,African-American,12,0,0,0,F,0
Female,63,Greater than 45,African-American,1,0,0,0,F,0
Female,21,Less than 25,African-American,0,0,0,0,F,1
Male,47,Greater than 45,Caucasian,28,0,0,0,F,1
Male,34,25 - 45,African-American,7,0,0,0,F,1
Male,58,Greater than 45,Caucasian,4,0,0,0,F,1
Male,36,25 - 45,African-American,16,3,0,0,F,1
Female,23,Less than 25,African-American,0,0,0,0,M,0
Male,34,25 - 45,African-American,5,0,0,0,F,1
Male,56,Greater than 45,Caucasian,13,0,0,0,F,0
Female,52,Greater than 45,Caucasian,0,0,0,0,F,0
Male,56,Greater than 45,African-American,0,0,0,0,F,0
Female,37,25 - 45,African-American,0,0,0,0,M,0
Female,50,Greater than 45,Caucasian,0,0,0,0,M,0
Male,25,25 - 45,African-American,1,0,0,0,F,1
Male,22,Less than 25,African-American,0,0,0,0,F,1
Female,43,25 - 45,Caucasian,0,0,0,0,M,1
Male,30,25 - 45,Caucasian,1,0,0,0,M,0
Male,24,Less than 25,Caucasian,0,0,0,0,F,0
Male,29,25 - 45,African-American,7,0,0,0,M,1
Female,24,Less than 25,Caucasian,0,0,0,0,F,0
Female,74,Greater than 45,African-American,0,0,0,0,F,0
Male,27,25 - 45,African-American,8,0,0,1,M,1
Male,29,25 - 45,Caucasian,5,0,0,0,F,0
Female,35,25 - 45,African-American,5,0,0,0,F,0
Male,29,25 - 45,African-American,1,0,0,0,M,1
Male,36,25 - 45,Caucasian,1,0,0,0,F,0
Male,26,25 - 45,Caucasian,2,0,0,0,F,0
Female,26,25 - 45,African-American,1,0,0,0,F,0
Female,39,25 - 45,Caucasian,11,0,1,0,F,1
Male,22,Less than 25,African-American,3,0,1,0,F,1
Male,28,25 - 45,Caucasian,0,0,0,0,F,0
Male,51,Greater than 45,Caucasian,1,0,0,0,F,1
Female,23,Less than 25,African-American,0,0,0,0,M,0
Male,29,25 - 45,African-American,6,1,2,0,F,1
Male,24,Less than 25,African-American,1,0,0,2,M,1
Female,33,25 - 45,African-American,5,0,0,0,F,0
Male,21,Less than 25,Caucasian,1,1,0,0,F,1
Male,59,Greater than 45,Caucasian,3,0,0,0,M,0
Male,26,25 - 45,Caucasian,4,0,0,0,F,1
Male,21,Less than 25,African-American,1,0,0,2,F,1
Male,52,Greater than 45,African-American,0,0,0,0,M,1
Male,56,Greater than 45,African-American,12,0,0,0,F,1
Male,40,25 - 45,Caucasian,1,0,0,0,M,0
Female,48,Greater than 45,Caucasian,8,0,0,0,M,1
Female,26,25 - 45,African-American,0,0,0,0,F,0
Male,66,Greater than 45,Caucasian,1,0,0,0,F,1
Female,54,Greater than 45,African-American,6,0,0,0,F,0
Male,31,25 - 45,Caucasian,4,0,0,0,M,1
Male,34,25 - 45,Caucasian,0,0,0,0,F,0
Male,25,25 - 45,African-American,9,0,0,0,F,1
Male,47,Greater than 45,Caucasian,2,0,0,0,F,0
Male,51,Greater than 45,African-American,12,0,0,1,F,1
Male,25,25 - 45,Caucasian,1,0,0,0,F,0
Female,31,25 - 45,African-American,2,0,0,0,F,1
Male,36,25 - 45,Caucasian,1,0,0,0,F,0
Male,49,Greater than 45,Caucasian,0,0,0,0,M,0
Male,31,25 - 45,African-American,0,0,0,0,F,0
Male,30,25 - 45,Caucasian,1,0,0,1,F,0
Male,29,25 - 45,African-American,3,1,0,0,F,1
Female,53,Greater than 45,Caucasian,6,0,0,0,F,1
Male,21,Less than 25,African-American,1,0,1,0,F,1
Male,21,Less than 25,African-American,0,0,0,0,F,0
Female,27,25 - 45,African-American,1,0,0,0,F,1
Female,65,Greater than 45,African-American,0,0,0,0,F,0
Female,59,Greater than 45,Caucasian,0,0,0,0,M,0
Male,59,Greater than 45,African-American,0,0,0,0,M,0
Male,24,Less than 25,African-American,0,0,0,0,M,0
Male,40,25 - 45,African-American,0,0,0,0,F,0
Male,51,Greater than 45,African-American,0,0,0,0,F,1
Male,34,25 - 45,African-American,10,1,0,0,F,1
Male,52,Greater than 45,African-American,1,0,0,0,F,0
Male,38,25 - 45,African-American,2,0,0,0,F,1
Female,22,Less than 25,African-American,0,0,0,0,F,0
Male,43,25 - 45,African-American,0,0,0,0,F,0
Male,32,25 - 45,Caucasian,5,0,0,0,F,1
Male,55,Greater than 45,African-American,0,0,0,0,F,0
Male,26,25 - 45,African-American,2,0,0,0,F,0
Male,23,Less than 25,Caucasian,1,0,0,1,M,0
Male,28,25 - 45,Caucasian,1,0,0,0,M,1
Male,26,25 - 45,African-American,0,0,0,0,F,0
Female,28,25 - 45,Caucasian,1,0,0,0,M,1
Male,43,25 - 45,African-American,0,0,0,0,F,1
Male,33,25 - 45,African-American,21,0,0,0,M,1
Male,21,Less than 25,Caucasian,0,0,0,1,M,0
Female,32,25 - 45,Caucasian,0,0,0,1,M,0
Male,22,Less than 25,African-American,1,0,0,0,F,1
Male,51,Greater than 45,African-American,3,0,0,0,F,0
Male,20,Less than 25,African-American,2,0,0,1,F,1
Male,35,25 - 45,Caucasian,2,0,0,0,F,0
Female,37,25 - 45,African-American,3,0,0,0,F,0
Male,28,25 - 45,African-American,0,0,0,0,M,1
Male,41,25 - 45,Caucasian,3,0,0,0,M,1
Male,24,Less than 25,African-American,0,0,0,0,M,1
Female,33,25 - 45,African-American,3,0,0,0,M,0
Female,30,25 - 45,Caucasian,4,0,0,0,F,0
Male,20,Less than 25,African-American,1,0,0,0,F,1
Female,42,25 - 45,African-American,1,0,0,0,F,0
Female,40,25 - 45,African-American,15,0,0,0,F,1
Male,39,25 - 45,African-American,0,0,0,0,F,1
Male,21,Less than 25,African-American,0,0,0,0,F,0
Male,39,25 - 45,Caucasian,2,0,0,0,F,1
Male,24,Less than 25,Caucasian,0,0,0,0,F,0
Male,41,25 - 45,African-American,0,0,0,0,F,0
Male,39,25 - 45,African-American,1,0,0,0,F,0
Female,24,Less than 25,African-American,3,0,0,0,F,0
Female,24,Less than 25,African-American,1,0,0,0,F,0
Male,29,25 - 45,African-American,0,0,0,0,M,1
Male,25,25 - 45,Caucasian,2,0,0,0,M,1
Female,23,Less than 25,Caucasian,0,0,0,0,F,1
Male,22,Less than 25,African-American,1,0,0,1,F,1
Male,26,25 - 45,African-American,3,0,3,0,M,1
Female,24,Less than 25,African-American,3,0,0,0,M,1
Male,44,25 - 45,African-American,0,0,0,0,M,0
Male,36,25 - 45,Caucasian,1,0,0,0,F,1
Male,39,25 - 45,Caucasian,10,0,0,0,F,1
Male,42,25 - 45,Caucasian,0,0,0,0,F,0
Male,45,Greater than 45,Caucasian,1,0,0,0,M,0
Male,25,25 - 45,African-American,7,0,1,0,F,1
Male,33,25 - 45,Caucasian,0,0,0,0,F,0
Male,25,25 - 45,Caucasian,0,0,0,0,M,0
Male,32,25 - 45,African-American,5,0,1,0,F,0
Male,23,Less than 25,African-American,0,0,0,0,F,0
Male,39,25 - 45,Caucasian,0,0,0,0,M,0
Male,27,25 - 45,African-American,12,0,0,0,F,1
Female,35,25 - 45,Caucasian,4,0,0,0,M,0
Female,38,25 - 45,African-American,0,0,0,0,M,0
Male,30,25 - 45,African-American,4,0,0,0,F,0
Male,30,25 - 45,Caucasian,1,0,0,0,F,0
Female,30,25 - 45,Caucasian,0,0,0,0,M,0
Male,26,25 - 45,African-American,18,1,1,0,F,1
Male,31,25 - 45,African-American,2,0,0,0,F,0
Female,25,25 - 45,African-American,0,0,0,0,M,0
Female,26,25 - 45,Caucasian,1,0,0,0,F,0
Male,38,25 - 45,African-American,2,0,0,0,F,1
Female,37,25 - 45,African-American,0,0,0,0,M,0
Male,34,25 - 45,Caucasian,3,0,0,1,M,0
Female,31,25 - 45,African-American,0,0,0,0,M,0
Female,29,25 - 45,Caucasian,0,0,0,0,M,0
Male,20,Less than 25,Caucasian,1,1,0,0,F,1
Male,22,Less than 25,African-American,0,0,0,0,F,0
Male,24,Less than 25,African-American,2,0,0,0,M,1
Male,47,Greater than 45,African-American,0,0,0,0,F,1
Female,36,25 - 45,African-American,1,0,0,0,F,1
Male,21,Less than 25,African-American,1,0,0,0,M,0
Male,25,25 - 45,African-American,3,0,1,0,M,1
Male,23,Less than 25,African-American,5,0,0,1,F,1
Female,24,Less than 25,Caucasian,0,0,0,0,M,0
Male,35,25 - 45,Caucasian,2,0,0,0,F,1
Female,19,Less than 25,African-American,0,0,0,0,M,1
Male,32,25 - 45,Caucasian,0,0,0,0,F,1
Female,39,25 - 45,Caucasian,0,0,0,0,M,1
Male,30,25 - 45,African-American,12,4,0,0,F,1
Male,33,25 - 45,African-American,2,0,0,0,F,0
Female,36,25 - 45,Caucasian,0,0,0,0,M,0
Male,29,25 - 45,African-American,8,0,1,1,F,1
Female,40,25 - 45,Caucasian,0,0,0,0,F,0
Male,53,Greater than 45,African-American,4,0,0,0,F,0
Female,28,25 - 45,Caucasian,0,0,0,0,M,0
Male,27,25 - 45,African-American,9,0,1,0,F,1
Male,55,Greater than 45,Caucasian,0,0,0,0,F,0
Male,22,Less than 25,African-American,1,1,0,0,M,0
Female,34,25 - 45,African-American,1,0,0,0,F,0
Male,55,Greater than 45,Caucasian,1,0,0,0,M,0
Female,47,Greater than 45,African-American,21,0,1,1,M,1
Male,61,Greater than 45,African-American,12,0,0,0,F,0
Male,57,Greater than 45,African-American,3,0,0,0,F,0
Female,38,25 - 45,Caucasian,2,0,0,0,M,0
Male,25,25 - 45,Caucasian,13,4,0,1,F,1
Male,23,Less than 25,African-American,0,0,0,0,F,1
Male,23,Less than 25,Caucasian,3,0,0,0,F,0
Male,20,Less than 25,African-American,0,0,0,0,F,0
Male,44,25 - 45,Caucasian,1,0,0,0,F,0
Female,38,25 - 45,Caucasian,1,0,0,0,M,0
Male,56,Greater than 45,African-American,5,0,0,0,F,1
Male,43,25 - 45,Caucasian,2,0,0,0,F,1
Male,22,Less than 25,African-American,0,0,0,0,F,1
Male,29,25 - 45,African-American,0,0,0,0,F,0
Male,22,Less than 25,African-American,1,0,0,0,F,1
Male,23,Less than 25,African-American,3,0,0,0,F,1
Male,24,Less than 25,Caucasian,1,0,0,1,F,0
Male,21,Less than 25,African-American,2,0,1,0,F,0
Female,29,25 - 45,African-American,0,0,0,0,M,0
Female,51,Greater than 45,Caucasian,0,0,0,0,M,1
Male,25,25 - 45,African-American,1,0,0,0,F,0
Male,62,Greater than 45,African-American,22,0,0,0,F,1
Male,25,25 - 45,African-American,0,0,0,0,F,1
Male,27,25 - 45,Caucasian,2,0,0,0,F,0
Female,22,Less than 25,Caucasian,3,0,0,0,F,1
Male,21,Less than 25,Caucasian,0,0,0,0,F,1
Female,39,25 - 45,Caucasian,2,0,0,0,F,1
Male,43,25 - 45,African-American,8,0,0,0,F,1
Male,22,Less than 25,African-American,0,0,0,0,M,1
Female,28,25 - 45,African-American,4,0,0,0,F,0
Male,43,25 - 45,Caucasian,0,0,0,0,F,1
Male,27,25 - 45,Caucasian,7,0,0,0,F,1
Male,31,25 - 45,Caucasian,1,0,0,0,F,1
Female,28,25 - 45,African-American,0,0,0,0,M,0
Male,58,Greater than 45,Caucasian,3,0,0,0,M,0
Male,22,Less than 25,Caucasian,0,0,0,0,F,1
Male,31,25 - 45,African-American,5,0,0,0,F,0
Male,33,25 - 45,African-American,0,0,0,0,F,0
Male,26,25 - 45,African-American,6,0,0,0,M,1
Female,23,Less than 25,African-American,1,0,1,0,M,0
Male,32,25 - 45,Caucasian,11,0,0,0,F,0
Male,22,Less than 25,Caucasian,0,0,0,0,F,0
Female,35,25 - 45,African-American,2,0,0,0,F,0
Male,47,Greater than 45,Caucasian,1,0,0,0,F,1
Male,29,25 - 45,African-American,17,0,0,1,F,1
Female,54,Greater than 45,Caucasian,1,0,0,0,M,0
Male,29,25 - 45,Caucasian,0,0,0,0,F,0
Male,51,Greater than 45,African-American,17,0,0,0,F,1
Female,36,25 - 45,African-American,0,0,0,0,M,0
Male,35,25 - 45,Caucasian,3,0,0,0,M,1
Male,20,Less than 25,African-American,1,0,0,1,F,1
Male,25,25 - 45,African-American,0,0,0,0,F,0
Male,29,25 - 45,African-American,2,0,0,0,M,0
Male,39,25 - 45,Caucasian,0,0,0,0,M,0
Male,30,25 - 45,African-American,1,0,0,0,F,1
Female,23,Less than 25,African-American,0,0,0,0,F,0
Female,23,Less than 25,African-American,1,0,0,0,F,0
Male,30,25 - 45,African-American,21,0,0,0,F,1
Male,33,25 - 45,African-American,18,0,0,3,F,1
Male,30,25 - 45,African-American,9,0,1,0,F,1
Male,23,Less than 25,African-American,1,0,0,0,F,0
Female,27,25 - 45,African-American,0,0,0,0,F,1
Male,38,25 - 45,African-American,10,0,1,0,M,0
Male,42,25 - 45,African-American,1,0,0,0,F,0
Male,31,25 - 45,African-American,0,0,0,0,F,0
Male,23,Less than 25,African-American,2,0,0,0,F,1
Male,31,25 - 45,Caucasian,1,0,0,0,F,1
Male,43,25 - 45,African-American,1,0,0,0,M,1
Male,39,25 - 45,Caucasian,0,0,0,0,F,0
Male,31,25 - 45,African-American,0,0,0,0,M,0
Male,22,Less than 25,Caucasian,3,0,0,0,F,1
Female,33,25 - 45,African-American,0,0,0,0,F,0
Male,23,Less than 25,African-American,1,0,0,0,F,1
Female,29,25 - 45,Caucasian,0,0,0,0,F,0
Male,62,Greater than 45,Caucasian,2,0,0,0,F,0
Female,56,Greater than 45,African-American,1,0,0,0,F,1
Female,24,Less than 25,African-American,4,0,0,0,F,1
Female,44,25 - 45,Caucasian,0,0,0,0,M,0
Male,22,Less than 25,African-American,2,0,1,0,F,1
Female,28,25 - 45,African-American,4,0,0,0,F,1
Male,30,25 - 45,African-American,0,0,0,0,F,0
Male,32,25 - 45,Caucasian,1,0,0,0,M,1
Male,51,Greater than 45,Caucasian,3,0,0,0,F,0
Male,21,Less than 25,African-American,0,0,0,0,F,0
Male,21,Less than 25,African-American,2,0,0,0,F,1
Male,27,25 - 45,African-American,3,0,0,0,F,1
Female,31,25 - 45,African-American,0,0,0,0,F,0
Male,33,25 - 45,African-American,0,0,0,0,M,1
Female,49,Greater than 45,Caucasian,2,0,0,0,F,0
Male,20,Less than 25,Caucasian,0,0,0,5,M,0
Male,31,25 - 45,African-American,10,0,0,1,F,1
Male,25,25 - 45,African-American,5,0,0,0,F,1
Male,23,Less than 25,African-American,4,0,1,0,F,1
Male,26,25 - 45,Caucasian,0,0,0,0,M,0
Male,28,25 - 45,Caucasian,1,0,0,0,M,0
Female,28,25 - 45,African-American,13,0,0,0,F,1
Male,39,25 - 45,Caucasian,0,0,0,0,F,1
Male,52,Greater than 45,African-American,4,0,0,0,M,0
Male,30,25 - 45,African-American,2,0,0,0,F,1
Female,21,Less than 25,African-American,0,0,0,0,M,1
Male,25,25 - 45,African-American,2,0,0,0,M,1
Male,22,Less than 25,African-American,0,0,0,0,F,0
Male,61,Greater than 45,African-American,20,0,0,0,M,1
Male,24,Less than 25,Caucasian,2,0,0,2,F,0
Female,26,25 - 45,Caucasian,2,0,0,0,F,1
Female,34,25 - 45,African-American,6,0,0,0,F,0
Male,45,Greater than 45,African-American,12,1,0,0,M,1
Male,54,Greater than 45,African-American,4,0,0,0,F,1
Male,51,Greater than 45,African-American,8,0,0,0,M,0
Male,28,25 - 45,African-American,0,0,0,0,F,0
Male,23,Less than 25,Caucasian,0,0,0,0,F,0
Male,30,25 - 45,Caucasian,0,0,0,0,F,1
Male,25,25 - 45,African-American,0,0,0,0,M,1
Male,25,25 - 45,Caucasian,2,0,0,0,F,0
Male,28,25 - 45,Caucasian,2,0,0,0,F,0
Female,32,25 - 45,African-American,0,0,0,0,M,1
Male,35,25 - 45,African-American,7,0,0,0,F,0
Male,49,Greater than 45,African-American,0,0,0,0,M,1
Male,36,25 - 45,Caucasian,5,0,0,0,F,1
Male,33,25 - 45,African-American,16,0,0,0,M,1
Female,58,Greater than 45,Caucasian,1,0,0,0,M,0
Male,22,Less than 25,African-American,2,0,0,0,F,0
Male,28,25 - 45,Caucasian,2,0,0,0,F,1
Male,26,25 - 45,African-American,6,0,1,0,F,1
Female,36,25 - 45,Caucasian,3,0,0,0,F,1
Male,23,Less than 25,Caucasian,0,0,0,0,F,0
Male,22,Less than 25,African-American,0,0,0,0,F,1
Male,26,25 - 45,African-American,0,0,0,0,F,0
Male,25,25 - 45,African-American,1,0,0,0,F,0
Male,28,25 - 45,African-American,0,0,0,0,M,1
Male,56,Greater than 45,African-American,1,0,0,0,F,0
Male,36,25 - 45,African-American,0,0,0,0,F,0
Male,51,Greater than 45,Caucasian,0,0,0,0,M,0
Female,35,25 - 45,African-American,9,2,0,0,F,0
Male,24,Less than 25,Caucasian,0,0,0,0,M,1
Male,27,25 - 45,African-American,6,0,0,0,M,1
Male,22,Less than 25,Caucasian,2,0,1,0,F,1
Female,23,Less than 25,Caucasian,4,0,0,0,M,1
Female,27,25 - 45,Caucasian,0,0,0,0,M,1
Male,31,25 - 45,African-American,8,0,0,0,F,1
Male,25,25 - 45,Caucasian,3,0,0,1,F,0
Female,52,Greater than 45,Caucasian,0,0,0,0,M,0
Female,24,Less than 25,Caucasian,0,0,0,0,F,0
Male,38,25 - 45,Caucasian,2,0,0,0,F,0
Male,20,Less than 25,African-American,3,0,0,0,F,1
Male,34,25 - 45,African-American,2,0,0,0,F,0
Male,25,25 - 45,African-American,11,0,0,0,M,1
Female,24,Less than 25,Caucasian,0,0,0,0,F,0
Male,49,Greater than 45,Caucasian,4,0,0,0,M,1
Male,27,25 - 45,African-American,15,0,0,0,F,1
Male,28,25 - 45,African-American,10,0,0,0,F,1
Male,55,Greater than 45,Caucasian,0,0,0,0,F,0
Male,47,Greater than 45,Caucasian,3,0,0,0,M,1
Male,55,Greater than 45,African-American,10,0,0,0,M,1
Male,22,Less than 25,African-American,0,0,0,0,F,1
Male,32,25 - 45,African-American,9,0,0,0,F,0
Male,55,Greater than 45,Caucasian,0,0,0,0,F,0
Male,23,Less than 25,African-American,3,0,0,0,M,0
Male,54,Greater than 45,Caucasian,2,0,0,0,F,1
Male,27,25 - 45,African-American,0,0,0,0,M,1
Female,29,25 - 45,African-American,5,0,0,0,F,0
Female,45,Greater than 45,Caucasian,0,0,0,0,M,0
Male,40,25 - 45,Caucasian,4,0,0,0,F,1
Male,38,25 - 45,African-American,7,0,0,0,F,1
Male,26,25 - 45,African-American,3,0,0,0,F,1
Female,37,25 - 45,African-American,0,0,0,0,F,0
Male,41,25 - 45,Caucasian,1,0,0,0,F,0
Male,57,Greater than 45,African-American,1,0,0,0,F,0
Male,34,25 - 45,African-American,3,0,0,0,M,0
Male,29,25 - 45,African-American,1,0,0,0,F,1
Male,22,Less than 25,Caucasian,1,0,0,0,F,0
Female,22,Less than 25,African-American,0,0,0,0,M,1
Male,21,Less than 25,African-American,0,0,0,0,M,0
Male,56,Greater than 45,Caucasian,1,0,0,0,M,0
Male,48,Greater than 45,African-American,4,0,0,0,F,0
Male,27,25 - 45,Caucasian,2,0,0,0,F,1
Male,23,Less than 25,African-American,5,0,0,1,F,1
Male,47,Greater than 45,African-American,3,0,0,0,F,1
Male,33,25 - 45,African-American,6,0,1,0,M,1
Male,58,Greater than 45,Caucasian,1,0,0,0,F,0
Female,33,25 - 45,African-American,1,0,0,0,F,0
Female,40,25 - 45,African-American,2,0,0,0,M,0
Male,22,Less than 25,Caucasian,0,0,0,0,F,0
Male,39,25 - 45,Caucasian,2,0,0,0,F,0
Male,35,25 - 45,Caucasian,1,0,0,1,F,0
Male,43,25 - 45,African-American,7,0,0,0,F,1
Male,26,25 - 45,African-American,2,0,0,0,F,1
Female,39,25 - 45,Caucasian,1,0,0,0,F,0
Male,36,25 - 45,African-American,16,0,0,1,M,1
Male,21,Less than 25,Caucasian,0,0,0,0,M,1
Male,53,Greater than 45,African-American,6,0,0,0,F,0
Male,37,25 - 45,Caucasian,0,0,0,0,F,0
Male,21,Less than 25,African-American,1,0,0,0,F,1
Male,28,25 - 45,African-American,1,0,0,0,F,0
Male,21,Less than 25,African-American,1,0,0,0,F,0
Male,56,Greater than 45,African-American,0,0,0,0,F,0
Male,30,25 - 45,Caucasian,3,0,0,0,M,0
Male,27,25 - 45,Caucasian,0,0,0,0,F,1
Male,27,25 - 45,African-American,1,0,0,0,F,0
Male,41,25 - 45,African-American,7,0,0,1,M,1
Female,30,25 - 45,African-American,7,0,0,0,M,1
Male,32,25 - 45,African-American,7,0,1,3,F,1
Male,32,25 - 45,African-American,3,0,0,0,F,0
Female,34,25 - 45,Caucasian,5,0,0,0,F,1
Male,46,Greater than 45,African-American,3,0,0,0,F,0
Male,24,Less than 25,African-American,1,0,0,0,F,1
Male,32,25 - 45,African-American,7,0,0,1,F,1
Male,43,25 - 45,Caucasian,6,0,0,0,F,1
Male,50,Greater than 45,Caucasian,3,0,0,0,F,0
Male,30,25 - 45,Caucasian,4,3,0,0,F,1
Male,37,25 - 45,African-American,3,0,0,0,M,0
Male,40,25 - 45,Caucasian,3,0,0,0,M,0
Female,53,Greater than 45,Caucasian,0,0,0,0,M,0
Male,33,25 - 45,African-American,4,0,0,0,M,0
Female,22,Less than 25,African-American,0,0,0,0,M,0
Male,27,25 - 45,African-American,2,0,0,0,M,1
Male,25,25 - 45,African-American,5,0,0,0,M,1
Male,24,Less than 25,Caucasian,2,0,0,0,F,0
Female,24,Less than 25,African-American,2,0,0,0,F,1
Female,26,25 - 45,African-American,1,0,0,0,F,0
Female,26,25 - 45,African-American,3,0,0,0,F,1
Male,20,Less than 25,Caucasian,0,0,0,0,F,1
Male,27,25 - 45,African-American,4,0,0,0,M,1
Male,24,Less than 25,Caucasian,1,0,0,0,F,1
Male,26,25 - 45,African-American,8,0,0,0,F,1
Male,26,25 - 45,Caucasian,5,0,0,0,M,0
Male,64,Greater than 45,African-American,13,0,0,0,M,0
Male,24,Less than 25,Caucasian,0,0,0,0,F,0
Female,57,Greater than 45,Caucasian,0,0,0,0,M,0
Female,46,Greater than 45,Caucasian,0,0,0,0,M,0
Male,56,Greater than 45,African-American,16,0,0,0,F,0
Female,39,25 - 45,Caucasian,0,0,0,0,M,0
Male,68,Greater than 45,Caucasian,4,0,0,0,M,0
Male,28,25 - 45,African-American,1,0,0,0,M,1
Male,39,25 - 45,African-American,19,0,0,0,M,1
Male,38,25 - 45,Caucasian,0,0,0,0,M,0
Female,25,25 - 45,African-American,3,0,0,0,M,0
Male,25,25 - 45,Caucasian,2,0,0,1,F,0
Male,21,Less than 25,African-American,3,0,0,0,F,1
Male,31,25 - 45,Caucasian,2,0,0,0,F,0
Male,33,25 - 45,African-American,3,0,0,0,F,1
Male,26,25 - 45,African-American,20,0,0,0,F,1
Female,35,25 - 45,African-American,13,0,0,0,F,0
Male,34,25 - 45,African-American,19,0,6,1,M,0
Female,42,25 - 45,African-American,1,0,0,0,F,0
Male,26,25 - 45,African-American,9,1,2,0,F,1
Male,36,25 - 45,African-American,2,0,0,0,F,1
Male,41,25 - 45,African-American,24,1,1,0,F,1
Male,27,25 - 45,Caucasian,0,0,0,0,F,0
Male,45,Greater than 45,Caucasian,3,0,0,0,F,1
Male,34,25 - 45,Caucasian,5,0,0,0,F,0
Male,25,25 - 45,Caucasian,6,0,1,0,F,1
Male,24,Less than 25,African-American,2,0,0,0,M,1
Male,27,25 - 45,African-American,2,0,0,0,F,0
Male,30,25 - 45,Caucasian,2,0,0,1,M,1
Male,22,Less than 25,Caucasian,3,0,2,0,F,1
Male,27,25 - 45,African-American,0,0,0,0,F,0
Male,41,25 - 45,African-American,19,0,0,0,F,1
Male,30,25 - 45,Caucasian,0,0,0,0,F,0
Male,24,Less than 25,African-American,3,0,0,0,F,0
Male,39,25 - 45,African-American,0,0,0,0,M,0
Female,32,25 - 45,African-American,3,0,0,0,F,1
Female,29,25 - 45,Caucasian,0,0,0,0,F,1
Male,26,25 - 45,African-American,24,0,1,0,F,1
Male,24,Less than 25,African-American,2,0,0,0,F,1
Male,20,Less than 25,African-American,4,1,1,1,F,1
Male,25,25 - 45,African-American,1,0,0,1,M,1
Female,31,25 - 45,Caucasian,0,0,0,0,F,1
Male,25,25 - 45,African-American,0,0,0,0,M,1
Male,41,25 - 45,Caucasian,0,0,0,0,F,1
Male,25,25 - 45,Caucasian,0,0,0,0,F,0
Male,25,25 - 45,African-American,2,0,0,0,F,1
Male,22,Less than 25,African-American,1,0,0,0,F,1
Female,25,25 - 45,African-American,0,0,0,0,F,0
Male,38,25 - 45,African-American,0,0,0,0,M,0
Female,49,Greater than 45,Caucasian,4,0,0,0,M,0
Female,35,25 - 45,Caucasian,2,0,0,0,M,0
Male,21,Less than 25,Caucasian,1,0,0,0,F,0
Female,24,Less than 25,African-American,11,0,0,1,M,1
Male,28,25 - 45,Caucasian,3,0,0,0,F,0
Male,34,25 - 45,African-American,4,0,0,0,F,1
Male,57,Greater than 45,African-American,8,0,0,0,M,0
Male,40,25 - 45,African-American,15,0,0,0,F,1
Male,22,Less than 25,African-American,2,0,0,0,M,1
Male,37,25 - 45,African-American,3,0,0,0,M,1
Female,43,25 - 45,African-American,0,0,0,0,F,0
Male,26,25 - 45,African-American,5,0,0,0,F,1
Male,24,Less than 25,Caucasian,2,0,0,0,F,1
Male,56,Greater than 45,Caucasian,1,0,0,0,F,1
Male,23,Less than 25,African-American,2,0,0,1,F,1
Male,43,25 - 45,Caucasian,12,0,0,0,F,0
Male,21,Less than 25,African-American,0,0,0,0,F,1
Male,51,Greater than 45,African-American,2,0,0,0,F,0
Male,20,Less than 25,African-American,0,0,0,0,M,1
Male,42,25 - 45,African-American,17,0,0,0,F,1
Female,30,25 - 45,African-American,2,0,0,0,M,0
Male,28,25 - 45,Caucasian,4,1,1,1,M,1
Female,24,Less than 25,Caucasian,9,0,0,0,M,1
Male,22,Less than 25,African-American,1,0,0,0,F,1
Male,50,Greater than 45,Caucasian,1,0,0,0,F,0
Male,30,25 - 45,African-American,5,0,0,0,M,0
Male,28,25 - 45,Caucasian,0,0,0,0,F,1
Male,21,Less than 25,African-American,3,0,0,0,F,1
Female,51,Greater than 45,Caucasian,0,0,0,0,F,0
Male,21,Less than 25,African-American,1,0,0,0,F,0
Male,29,25 - 45,Caucasian,0,0,0,0,F,1
Male,43,25 - 45,Caucasian,0,0,0,0,M,0
Male,22,Less than 25,African-American,1,0,0,0,F,0
Male,52,Greater than 45,African-American,0,0,0,0,F,1
Male,36,25 - 45,African-American,0,0,0,0,F,0
Male,24,Less than 25,African-American,0,0,0,0,F,0
Male,26,25 - 45,African-American,5,0,1,0,F,0
Male,27,25 - 45,African-American,8,0,0,0,M,0
Male,19,Less than 25,Caucasian,0,0,0,0,M,1
Male,26,25 - 45,Caucasian,2,0,0,0,F,0
Female,29,25 - 45,African-American,0,0,0,0,F,0
Female,29,25 - 45,Caucasian,20,0,0,0,F,1
Male,38,25 - 45,African-American,1,0,0,0,F,1
Male,34,25 - 45,African-American,5,1,0,0,F,0
Female,29,25 - 45,African-American,1,0,0,0,M,0
Male,24,Less than 25,African-American,1,0,0,0,F,0
Male,50,Greater than 45,Caucasian,0,0,0,0,F,0
Female,24,Less than 25,African-American,0,0,0,0,M,0
Female,31,25 - 45,African-American,0,0,0,0,F,0
Male,36,25 - 45,African-American,13,0,0,0,F,1
Male,32,25 - 45,African-American,13,0,0,0,M,1
Male,42,25 - 45,African-American,1,0,0,0,M,1
Male,22,Less than 25,African-American,0,0,0,0,F,0
Male,26,25 - 45,African-American,5,0,0,0,F,1
Male,26,25 - 45,African-American,10,0,0,0,F,1
Male,53,Greater than 45,Caucasian,3,0,0,0,M,1
Male,23,Less than 25,African-American,2,0,1,2,F,1
Male,22,Less than 25,Caucasian,0,0,0,0,F,0
Male,27,25 - 45,Caucasian,0,0,0,0,M,0
Male,42,25 - 45,Caucasian,2,0,0,0,F,1
Male,31,25 - 45,African-American,4,0,0,0,F,1
Male,80,Greater than 45,Caucasian,0,0,0,0,M,0
Male,68,Greater than 45,African-American,6,0,0,0,M,0
Male,23,Less than 25,African-American,1,0,0,0,F,0
Male,36,25 - 45,African-American,4,0,0,0,F,1
Male,24,Less than 25,Caucasian,0,0,0,0,F,0
Male,21,Less than 25,Caucasian,0,0,0,1,F,1
Male,26,25 - 45,African-American,3,0,0,0,M,1
Female,30,25 - 45,African-American,8,0,0,0,F,1
Male,36,25 - 45,Caucasian,1,0,0,0,F,0
Male,21,Less than 25,African-American,0,0,0,0,F,1
Female,31,25 - 45,African-American,1,0,0,0,M,0
Female,20,Less than 25,African-American,0,0,0,0,F,1
Male,49,Greater than 45,Caucasian,4,0,0,0,M,0
Male,24,Less than 25,Caucasian,0,0,0,0,F,0
Male,20,Less than 25,African-American,0,0,0,0,F,1
Male,44,25 - 45,Caucasian,1,0,0,0,M,0
Female,25,25 - 45,African-American,1,0,0,0,F,0
Male,41,25 - 45,Caucasian,11,0,0,0,F,1
Male,25,25 - 45,African-American,1,0,0,0,F,0
Male,33,25 - 45,African-American,0,0,0,0,F,0
Male,20,Less than 25,African-American,0,0,0,0,F,1
Male,21,Less than 25,African-American,1,0,0,0,F,1
Male,44,25 - 45,Caucasian,3,0,0,0,F,0
Male,23,Less than 25,African-American,1,0,0,1,F,1
Male,35,25 - 45,African-American,0,0,0,0,M,1
Female,41,25 - 45,African-American,0,0,0,0,M,0
Male,30,25 - 45,African-American,1,0,0,0,F,0
Male,36,25 - 45,African-American,7,0,0,0,F,1
Male,26,25 - 45,African-American,1,0,0,0,F,1
Male,23,Less than 25,Caucasian,0,0,0,0,M,1
Female,43,25 - 45,African-American,9,0,0,1,M,0
Male,30,25 - 45,African-American,3,0,0,0,F,1
Male,44,25 - 45,Caucasian,1,0,0,0,F,1
Male,39,25 - 45,Caucasian,1,0,0,0,F,0
Male,31,25 - 45,African-American,6,0,0,0,F,1
Male,63,Greater than 45,Caucasian,5,0,0,0,M,0
Female,66,Greater than 45,African-American,11,0,0,0,F,1
Male,24,Less than 25,Caucasian,3,0,0,2,F,0
Male,21,Less than 25,Caucasian,2,1,0,3,M,0
Female,48,Greater than 45,Caucasian,0,0,0,0,F,0
Male,37,25 - 45,African-American,0,0,0,0,F,0
Male,21,Less than 25,African-American,0,0,0,0,M,1
Female,64,Greater than 45,Caucasian,0,0,0,0,M,0
Male,22,Less than 25,Caucasian,0,0,0,0,M,0
Male,43,25 - 45,Caucasian,8,0,0,0,F,0
Male,25,25 - 45,Caucasian,3,0,0,0,F,1
Male,33,25 - 45,Caucasian,10,0,0,0,F,0
Male,26,25 - 45,African-American,1,0,0,0,F,0
Female,33,25 - 45,Caucasian,1,0,0,0,M,0
Male,44,25 - 45,African-American,0,0,0,0,F,0
Male,31,25 - 45,African-American,0,0,0,0,F,0
Male,50,Greater than 45,Caucasian,9,0,0,0,M,1
Male,33,25 - 45,African-American,16,0,2,2,F,1
Male,31,25 - 45,African-American,1,0,0,0,F,1
Female,43,25 - 45,African-American,2,0,0,0,M,0
Male,27,25 - 45,African-American,0,0,0,0,M,1
Male,31,25 - 45,African-American,6,0,0,0,M,1
Male,26,25 - 45,African-American,2,0,0,0,F,1
Male,20,Less than 25,African-American,4,2,2,0,F,1
Male,29,25 - 45,African-American,6,3,0,0,F,0
Male,31,25 - 45,African-American,11,0,0,1,F,1
Male,59,Greater than 45,Caucasian,0,0,0,0,M,0
Male,49,Greater than 45,African-American,1,0,0,0,M,1
Male,36,25 - 45,Caucasian,11,0,0,0,M,1
Female,23,Less than 25,African-American,1,0,0,0,F,0
Male,46,Greater than 45,Caucasian,26,0,0,0,F,1
Male,59,Greater than 45,Caucasian,2,0,0,0,M,1
Male,34,25 - 45,African-American,0,0,0,0,F,0
Male,54,Greater than 45,African-American,1,0,0,0,F,0
Male,24,Less than 25,African-American,3,0,1,0,F,1
Male,22,Less than 25,Caucasian,0,0,0,0,F,1
Male,36,25 - 45,African-American,0,0,0,0,F,0
Male,61,Greater than 45,Caucasian,0,0,0,0,M,0
Female,38,25 - 45,African-American,0,0,0,0,M,0
Male,32,25 - 45,African-American,0,0,0,0,F,0
Male,37,25 - 45,Caucasian,1,0,0,0,F,1
Male,21,Less than 25,African-American,4,0,0,0,F,0
Male,57,Greater than 45,African-American,0,0,0,0,F,1
Male,68,Greater than 45,African-American,2,0,0,0,F,0
Male,24,Less than 25,African-American,0,0,0,0,M,0
Male,46,Greater than 45,African-American,3,0,0,0,F,1
Male,41,25 - 45,Caucasian,1,0,0,0,F,1
Male,25,25 - 45,African-American,8,0,0,2,F,1
Male,24,Less than 25,African-American,7,0,0,0,F,1
Male,41,25 - 45,African-American,1,0,0,0,F,0
Male,33,25 - 45,Caucasian,1,0,0,0,F,0
Male,23,Less than 25,African-American,0,0,0,0,F,0
Female,47,Greater than 45,Caucasian,28,0,0,0,F,1
Female,51,Greater than 45,Caucasian,0,0,0,0,F,0
Male,36,25 - 45,Caucasian,1,0,0,0,M,0
Male,43,25 - 45,African-American,0,0,0,0,M,0
Male,26,25 - 45,African-American,4,0,0,0,F,1
Male,60,Greater than 45,African-American,1,0,0,0,F,0
Male,24,Less than 25,African-American,0,0,0,0,M,1
Male,20,Less than 25,Caucasian,0,0,0,0,F,1
Female,28,25 - 45,Caucasian,0,0,0,0,M,0
Male,28,25 - 45,African-American,7,0,2,0,F,1
Male,58,Greater than 45,Caucasian,2,0,0,0,M,1
Female,24,Less than 25,African-American,2,0,0,0,F,1
Male,37,25 - 45,African-American,0,0,0,0,F,0
Male,28,25 - 45,African-American,8,0,0,0,F,1
Male,46,Greater than 45,Caucasian,14,0,0,0,F,1
Male,45,Greater than 45,Caucasian,2,0,0,0,M,0
Male,20,Less than 25,African-American,2,0,0,1,F,1
Male,52,Greater than 45,African-American,0,0,0,0,M,0
Male,29,25 - 45,African-American,0,0,0,0,M,0
Male,34,25 - 45,African-American,11,0,0,4,F,1
Male,24,Less than 25,African-American,0,0,0,0,F,1
Male,28,25 - 45,African-American,6,0,0,0,F,1
Male,28,25 - 45,African-American,2,0,0,0,F,1
Male,29,25 - 45,African-American,0,0,0,0,F,0
Female,55,Greater than 45,Caucasian,2,0,0,0,F,0
Male,24,Less than 25,Caucasian,3,0,0,0,F,1
Male,20,Less than 25,African-American,0,0,0,0,F,0
Male,23,Less than 25,African-American,0,0,0,0,M,0
Male,44,25 - 45,African-American,6,0,0,0,F,1
Male,34,25 - 45,African-American,8,2,0,1,F,1
Male,55,Greater than 45,African-American,0,0,0,0,M,1
Female,23,Less than 25,African-American,0,0,0,0,F,1
Female,23,Less than 25,African-American,3,0,0,0,F,1
Male,77,Greater than 45,African-American,0,0,0,0,M,0
Male,52,Greater than 45,Caucasian,3,0,0,0,M,0
Male,34,25 - 45,African-American,8,2,0,0,F,1
Male,30,25 - 45,Caucasian,2,0,0,0,M,1
Male,30,25 - 45,African-American,3,0,0,0,M,1
Male,26,25 - 45,African-American,0,0,0,0,F,1
Female,51,Greater than 45,Caucasian,1,0,0,0,M,0
Male,34,25 - 45,African-American,2,0,0,0,F,0
Male,23,Less than 25,Caucasian,0,0,0,0,F,0
Male,32,25 - 45,Caucasian,2,0,0,0,F,0
Male,38,25 - 45,African-American,8,1,5,0,M,0
Male,21,Less than 25,African-American,0,0,0,0,F,1
Male,53,Greater than 45,Caucasian,8,0,0,0,M,1
Male,34,25 - 45,Caucasian,1,0,0,0,F,0
Male,25,25 - 45,Caucasian,5,0,0,0,F,1
Male,54,Greater than 45,African-American,1,0,0,0,M,0
Male,25,25 - 45,Caucasian,2,0,0,0,M,1
Male,22,Less than 25,African-American,0,0,0,1,F,1
Female,23,Less than 25,African-American,2,0,0,0,F,1
Male,27,25 - 45,Caucasian,1,0,0,0,M,1
Male,45,Greater than 45,African-American,7,0,0,0,F,0
Female,31,25 - 45,Caucasian,9,0,0,0,F,1
Male,45,Greater than 45,Caucasian,1,0,0,0,M,0
Male,28,25 - 45,African-American,12,1,0,0,F,0
Male,24,Less than 25,African-American,1,0,0,1,F,1
Female,28,25 - 45,Caucasian,6,0,0,0,M,1
Male,41,25 - 45,African-American,2,0,0,0,F,0
Male,35,25 - 45,African-American,3,0,0,2,M,1
Male,20,Less than 25,African-American,1,1,0,0,F,1
Male,32,25 - 45,African-American,19,0,3,0,F,1
Male,28,25 - 45,African-American,2,0,0,0,F,0
Male,33,25 - 45,African-American,7,0,0,0,F,1
Male,26,25 - 45,African-American,8,0,1,1,F,1
Male,22,Less than 25,African-American,1,0,0,0,M,1
Female,25,25 - 45,African-American,4,0,0,0,F,0
Female,23,Less than 25,Caucasian,1,0,0,2,M,0
Male,30,25 - 45,African-American,2,0,0,0,F,1
Male,25,25 - 45,African-American,11,0,0,0,M,1
Male,33,25 - 45,African-American,3,0,0,0,F,1
Male,35,25 - 45,Caucasian,3,0,0,0,M,0
Male,34,25 - 45,Caucasian,13,0,0,0,F,1
Male,37,25 - 45,African-American,2,0,0,0,F,1
Female,55,Greater than 45,Caucasian,0,0,0,0,F,1
Male,43,25 - 45,Caucasian,1,0,0,0,M,0
Male,27,25 - 45,African-American,27,0,5,1,M,1
Male,26,25 - 45,African-American,7,0,0,0,F,0
Female,42,25 - 45,Caucasian,4,0,0,0,M,1
Male,41,25 - 45,Caucasian,1,0,0,0,F,0
Male,21,Less than 25,African-American,2,0,1,0,M,1
Male,30,25 - 45,African-American,4,0,0,0,M,1
Male,30,25 - 45,Caucasian,1,0,0,0,F,0
Female,45,Greater than 45,Caucasian,0,0,0,0,F,1
Male,23,Less than 25,African-American,2,0,0,0,F,1
Female,31,25 - 45,African-American,2,0,0,0,F,1
Male,40,25 - 45,African-American,8,0,0,0,M,1
Male,33,25 - 45,African-American,1,0,0,0,F,0
Male,40,25 - 45,African-American,11,0,0,0,M,1
Male,56,Greater than 45,Caucasian,1,0,0,0,F,0
Male,21,Less than 25,African-American,0,0,0,0,M,1
Male,51,Greater than 45,African-American,4,0,0,0,F,0
Male,36,25 - 45,Caucasian,0,0,0,0,M,0
Male,30,25 - 45,Caucasian,0,0,0,0,M,0
Female,21,Less than 25,Caucasian,0,0,0,0,F,0
Male,41,25 - 45,African-American,3,0,0,0,M,1
Female,22,Less than 25,Caucasian,0,0,0,0,F,1
Female,40,25 - 45,African-American,2,0,0,0,F,0
Male,37,25 - 45,African-American,2,0,0,0,F,0
Female,37,25 - 45,African-American,0,0,0,0,F,0
Female,23,Less than 25,African-American,2,0,0,0,F,1
Male,19,Less than 25,African-American,1,0,0,0,F,1
Male,26,25 - 45,Caucasian,1,0,0,0,F,1
Male,25,25 - 45,African-American,0,0,0,0,M,0
Male,39,25 - 45,Caucasian,17,0,0,0,F,1
Male,36,25 - 45,Caucasian,0,0,0,0,F,1
Male,26,25 - 45,African-American,6,0,0,0,M,0
Male,51,Greater than 45,African-American,8,0,0,0,M,1
Male,20,Less than 25,African-American,0,0,0,0,F,0
Female,43,25 - 45,Caucasian,0,0,0,0,M,0
Male,22,Less than 25,African-American,0,0,0,0,F,1
Female,24,Less than 25,Caucasian,0,0,0,0,M,1
Male,35,25 - 45,African-American,2,0,0,0,F,0
Male,55,Greater than 45,Caucasian,0,0,0,0,M,0
Female,52,Greater than 45,African-American,0,0,0,0,M,0
Female,33,25 - 45,African-American,0,0,0,0,M,0
Male,32,25 - 45,African-American,3,0,0,0,F,1
Male,20,Less than 25,African-American,5,1,2,0,F,1
Male,67,Greater than 45,African-American,8,0,0,0,F,0
Male,31,25 - 45,African-American,7,0,0,0,M,0
Male,21,Less than 25,Caucasian,0,0,0,0,F,1
Male,30,25 - 45,African-American,4,0,0,0,M,0
Male,55,Greater than 45,Caucasian,0,0,0,0,M,0
Male,25,25 - 45,African-American,0,0,0,0,F,0
Male,25,25 - 45,African-American,0,0,0,0,F,0
Male,27,25 - 45,African-American,10,0,0,0,F,1
Male,22,Less than 25,African-American,0,0,0,0,F,0
Male,37,25 - 45,African-American,8,0,0,0,F,0
Male,68,Greater than 45,Caucasian,7,0,0,0,F,1
Male,37,25 - 45,Caucasian,0,0,0,0,F,0
Male,22,Less than 25,Caucasian,5,0,0,0,M,1
Male,30,25 - 45,African-American,4,0,0,0,M,0
Male,34,25 - 45,African-American,1,0,0,0,M,0
Male,37,25 - 45,Caucasian,4,0,0,0,M,1
Female,41,25 - 45,African-American,8,0,0,0,F,1
Male,36,25 - 45,Caucasian,2,0,0,0,M,0
Male,26,25 - 45,Caucasian,2,0,0,0,F,0
Male,24,Less than 25,Caucasian,0,0,0,0,F,0
Male,27,25 - 45,African-American,0,0,0,0,F,0
Female,37,25 - 45,Caucasian,0,0,0,0,M,0
Male,23,Less than 25,African-American,3,0,0,0,F,1
Male,58,Greater than 45,Caucasian,5,0,0,0,M,0
Female,62,Greater than 45,Caucasian,1,0,0,0,M,1
Female,41,25 - 45,African-American,0,0,0,0,F,0
Male,33,25 - 45,African-American,0,0,0,0,M,0
Male,33,25 - 45,African-American,12,4,0,0,F,1
Male,41,25 - 45,African-American,14,0,0,0,F,1
Male,26,25 - 45,Caucasian,3,0,0,0,F,1
Female,33,25 - 45,Caucasian,0,0,0,0,F,0
Male,25,25 - 45,African-American,0,0,0,0,M,0
Male,37,25 - 45,African-American,0,0,0,0,M,1
Male,23,Less than 25,Caucasian,11,8,2,0,F,1
Male,21,Less than 25,African-American,0,0,0,0,M,0
Male,45,Greater than 45,Caucasian,21,0,0,0,F,1
Male,37,25 - 45,Caucasian,13,1,6,0,F,0
Male,24,Less than 25,African-American,2,0,0,0,M,0
Male,35,25 - 45,African-American,0,0,0,0,F,0
Female,22,Less than 25,African-American,0,0,0,0,F,1
Male,29,25 - 45,Caucasian,10,4,1,0,F,1
Male,41,25 - 45,African-American,6,2,0,0,F,1
Male,51,Greater than 45,African-American,19,1,0,0,F,1
Female,26,25 - 45,African-American,1,0,0,0,F,1
Male,46,Greater than 45,African-American,2,0,0,0,M,0
Male,41,25 - 45,Caucasian,0,0,0,0,F,0
Male,31,25 - 45,Caucasian,9,0,0,3,F,1
Male,25,25 - 45,African-American,2,0,0,0,F,0
Male,27,25 - 45,African-American,1,0,0,0,M,0
Male,31,25 - 45,African-American,13,1,1,1,F,1
Male,23,Less than 25,Caucasian,0,0,0,0,M,0
Male,52,Greater than 45,African-American,7,0,0,0,M,1
Male,29,25 - 45,African-American,6,0,0,0,F,1
Male,40,25 - 45,Caucasian,10,0,0,0,F,1
Female,49,Greater than 45,Caucasian,0,0,0,0,F,0
Male,49,Greater than 45,Caucasian,8,0,0,0,F,0
Male,24,Less than 25,African-American,3,0,0,0,F,1
Male,41,25 - 45,African-American,7,0,0,0,M,0
Female,27,25 - 45,African-American,3,0,0,0,M,1
Male,40,25 - 45,African-American,1,0,0,0,F,1
Male,47,Greater than 45,Caucasian,0,0,0,0,M,1
Female,20,Less than 25,Caucasian,0,0,0,0,F,1
Male,21,Less than 25,African-American,2,0,0,0,M,1
Male,44,25 - 45,African-American,8,0,0,0,M,1
Male,41,25 - 45,Caucasian,0,0,0,0,M,0
Male,31,25 - 45,African-American,5,0,1,0,M,1
Female,67,Greater than 45,African-American,0,0,0,0,F,0
Male,42,25 - 45,Caucasian,1,0,0,0,M,0
Male,25,25 - 45,African-American,0,0,0,0,F,0
Male,23,Less than 25,Caucasian,6,0,0,0,F,1
Male,27,25 - 45,African-American,13,0,0,1,F,1
Male,23,Less than 25,African-American,2,0,1,0,F,0
Male,33,25 - 45,Caucasian,2,0,0,0,F,0
Male,41,25 - 45,Caucasian,0,0,0,0,M,0
Female,31,25 - 45,Caucasian,1,0,0,0,F,0
Male,21,Less than 25,African-American,2,0,0,0,F,1
Male,53,Greater than 45,African-American,5,0,0,0,F,0
Male,36,25 - 45,African-American,1,0,0,0,M,0
Male,58,Greater than 45,Caucasian,10,0,0,0,M,0
Male,62,Greater than 45,Caucasian,0,0,0,0,F,0
Male,25,25 - 45,Caucasian,4,0,0,0,F,0
Male,51,Greater than 45,African-American,15,0,0,0,F,1
Male,46,Greater than 45,Caucasian,2,0,0,0,F,0
Male,28,25 - 45,African-American,4,0,0,0,M,1
Male,24,Less than 25,Caucasian,2,0,0,0,F,1
Male,32,25 - 45,Caucasian,6,0,0,0,F,0
Male,23,Less than 25,African-American,2,1,0,0,F,1
Female,58,Greater than 45,Caucasian,0,0,0,0,M,0
Male,59,Greater than 45,African-American,8,0,0,0,F,1
Male,20,Less than 25,African-American,0,0,0,0,F,1
Male,57,Greater than 45,Caucasian,0,0,0,0,M,1
Male,37,25 - 45,Caucasian,1,0,0,0,F,1
Male,43,25 - 45,African-American,0,0,0,0,F,1
Female,36,25 - 45,African-American,1,0,0,0,M,0
Male,59,Greater than 45,Caucasian,0,0,0,0,M,0
Male,35,25 - 45,Caucasian,4,0,0,0,F,1
Male,29,25 - 45,African-American,5,0,0,0,F,1
Female,21,Less than 25,African-American,0,0,0,0,M,0
Male,28,25 - 45,Caucasian,0,0,0,0,M,0
Male,34,25 - 45,African-American,5,0,0,0,M,1
Female,42,25 - 45,African-American,16,0,0,0,F,0
Male,21,Less than 25,African-American,3,0,2,1,F,1
Male,69,Greater than 45,African-American,1,0,0,0,F,1
Female,49,Greater than 45,Caucasian,1,0,0,0,M,0
Female,24,Less than 25,Caucasian,0,0,0,0,M,0
Male,27,25 - 45,African-American,4,0,0,0,F,1
Female,55,Greater than 45,African-American,1,0,0,0,M,0
Male,24,Less than 25,African-American,7,2,0,0,M,1
Male,21,Less than 25,Caucasian,1,0,0,0,F,0
Male,28,25 - 45,Caucasian,0,0,0,0,F,1
Male,34,25 - 45,African-American,4,0,0,0,M,0
Male,27,25 - 45,African-American,2,0,0,0,F,0
Male,37,25 - 45,African-American,12,3,0,0,M,0
Male,23,Less than 25,Caucasian,0,0,0,0,F,0
Male,27,25 - 45,African-American,5,0,0,1,F,1
Male,50,Greater than 45,African-American,1,0,0,0,F,0
Male,22,Less than 25,African-American,1,0,1,2,F,0
Male,43,25 - 45,African-American,1,0,0,0,F,1
Male,29,25 - 45,Caucasian,0,0,0,0,M,1
Male,61,Greater than 45,Caucasian,1,0,0,0,F,1
Male,34,25 - 45,African-American,1,0,0,0,F,0
Male,31,25 - 45,African-American,16,3,0,0,F,1
Male,21,Less than 25,Caucasian,0,0,0,0,F,0
Male,23,Less than 25,African-American,1,0,0,1,F,1
Male,24,Less than 25,African-American,1,0,0,0,M,1
Male,30,25 - 45,African-American,1,0,0,0,F,0
Male,32,25 - 45,African-American,17,0,6,5,F,1
Male,61,Greater than 45,Caucasian,0,0,0,0,M,0
Male,27,25 - 45,Caucasian,3,0,0,0,M,0
Male,60,Greater than 45,Caucasian,0,0,0,0,M,0
Male,23,Less than 25,African-American,1,0,0,0,M,0
Male,40,25 - 45,Caucasian,0,0,0,0,M,0
Male,30,25 - 45,Caucasian,0,0,0,0,F,0
Female,20,Less than 25,African-American,0,0,0,0,F,0
Male,24,Less than 25,African-American,0,0,0,0,M,1
Male,30,25 - 45,African-American,5,0,0,0,M,0
Female,20,Less than 25,African-American,0,0,0,0,M,1
Male,25,25 - 45,African-American,0,0,0,0,M,0
Male,38,25 - 45,Caucasian,0,0,0,0,M,0
Male,29,25 - 45,African-American,0,0,0,0,F,1
Female,38,25 - 45,Caucasian,1,0,0,0,M,1
Male,27,25 - 45,African-American,1,0,0,0,F,0
Male,21,Less than 25,Caucasian,0,0,0,0,M,1
Male,24,Less than 25,African-American,1,0,0,0,F,0
Male,53,Greater than 45,Caucasian,3,0,0,0,F,1
Male,36,25 - 45,Caucasian,4,0,0,0,F,1
Male,64,Greater than 45,African-American,8,0,0,0,M,1
Male,23,Less than 25,African-American,0,0,0,0,M,1
Male,26,25 - 45,Caucasian,3,0,0,0,M,0
Male,48,Greater than 45,Caucasian,0,0,0,0,F,0
Male,21,Less than 25,African-American,0,0,0,0,F,0
Male,20,Less than 25,African-American,0,0,0,0,F,1
Male,37,25 - 45,African-American,17,0,0,0,M,0
Male,51,Greater than 45,Caucasian,8,0,0,0,F,1
Male,47,Greater than 45,Caucasian,2,0,0,0,F,1
Male,27,25 - 45,African-American,2,0,0,1,F,1
Male,45,Greater than 45,African-American,16,1,0,0,F,0
Male,41,25 - 45,Caucasian,0,0,0,0,F,1
Male,31,25 - 45,Caucasian,3,0,0,0,M,1
Male,39,25 - 45,Caucasian,1,0,0,0,F,0
Male,33,25 - 45,Caucasian,0,0,0,0,F,0
Female,21,Less than 25,African-American,1,0,1,0,F,1
Male,27,25 - 45,African-American,3,0,0,0,M,0
Female,24,Less than 25,Caucasian,0,0,0,0,M,0
Male,29,25 - 45,African-American,3,0,0,0,M,1
Male,21,Less than 25,Caucasian,0,0,0,0,F,1
Female,31,25 - 45,Caucasian,14,0,0,2,F,0
Male,62,Greater than 45,Caucasian,0,0,0,0,M,0
Male,39,25 - 45,Caucasian,3,0,0,0,F,1
Male,56,Greater than 45,Caucasian,2,0,0,0,M,0
Male,28,25 - 45,African-American,6,0,0,0,F,0
Female,26,25 - 45,African-American,6,0,0,0,F,1
Male,24,Less than 25,African-American,5,0,0,0,F,1
Male,28,25 - 45,African-American,7,0,0,1,F,0
Female,36,25 - 45,African-American,1,0,0,0,M,0
Female,38,25 - 45,Caucasian,0,0,0,0,M,0
Male,23,Less than 25,African-American,1,0,0,0,F,0
Male,28,25 - 45,Caucasian,5,0,0,0,M,1
Female,29,25 - 45,Caucasian,7,0,0,0,F,1
Male,29,25 - 45,African-American,0,0,0,0,M,0
Male,29,25 - 45,African-American,11,0,0,0,F,1
Male,34,25 - 45,African-American,8,0,0,0,M,0
Male,26,25 - 45,African-American,6,0,0,0,F,1
Male,58,Greater than 45,African-American,0,0,0,0,F,0
Male,48,Greater than 45,Caucasian,0,0,0,0,M,1
Male,30,25 - 45,African-American,1,0,0,0,F,1
Male,44,25 - 45,African-American,0,0,0,0,F,0
Male,36,25 - 45,Caucasian,5,0,0,0,F,0
Female,29,25 - 45,African-American,11,0,1,0,F,1
Male,53,Greater than 45,African-American,3,0,0,0,F,1
Male,35,25 - 45,African-American,8,0,0,0,M,0
Female,39,25 - 45,Caucasian,3,0,0,0,F,0
Female,26,25 - 45,Caucasian,2,0,0,0,F,1
Male,26,25 - 45,African-American,10,1,0,0,F,1
Male,28,25 - 45,African-American,8,0,0,0,M,1
Female,21,Less than 25,Caucasian,3,0,3,1,M,1
Male,37,25 - 45,African-American,8,0,0,0,F,0
Male,22,Less than 25,African-American,12,1,0,0,F,1
Male,28,25 - 45,African-American,12,0,8,2,F,1
Female,56,Greater than 45,Caucasian,0,0,0,0,M,0
Male,30,25 - 45,Caucasian,0,0,0,0,F,0
Male,27,25 - 45,African-American,2,0,0,0,F,0
Female,27,25 - 45,Caucasian,6,0,0,0,F,0
Male,43,25 - 45,African-American,15,0,0,0,M,1
Female,53,Greater than 45,African-American,5,0,0,0,F,0
Male,27,25 - 45,African-American,6,1,0,0,F,1
Male,26,25 - 45,African-American,6,0,1,0,M,0
Female,24,Less than 25,Caucasian,1,0,0,0,F,0
Male,30,25 - 45,African-American,0,0,0,0,F,0
Male,26,25 - 45,African-American,4,0,0,0,F,0
Male,24,Less than 25,African-American,3,2,1,0,M,1
Male,54,Greater than 45,African-American,4,0,0,0,F,0
Female,36,25 - 45,African-American,13,0,0,0,F,1
Male,21,Less than 25,African-American,1,0,0,0,F,1
Male,26,25 - 45,Caucasian,10,0,0,0,F,1
Male,26,25 - 45,Caucasian,10,0,0,3,M,1
Male,45,Greater than 45,Caucasian,0,0,0,0,F,0
Male,47,Greater than 45,Caucasian,1,0,0,0,M,0
Male,31,25 - 45,African-American,2,0,0,0,F,0
Male,21,Less than 25,African-American,0,0,0,0,F,1
Female,28,25 - 45,African-American,1,1,0,0,M,1
Male,29,25 - 45,Caucasian,9,1,0,1,F,1
Male,28,25 - 45,African-American,2,0,0,0,F,0
Female,25,25 - 45,Caucasian,1,0,0,0,M,1
Male,22,Less than 25,African-American,0,0,0,0,F,1
Female,21,Less than 25,African-American,0,0,0,0,F,0
Male,48,Greater than 45,Caucasian,0,0,0,0,F,1
Male,25,25 - 45,African-American,4,0,0,1,F,1
Male,37,25 - 45,African-American,7,0,0,0,F,0
Male,31,25 - 45,Caucasian,5,0,0,0,F,1
Male,24,Less than 25,African-American,0,0,0,0,M,0
Male,30,25 - 45,African-American,15,0,0,0,F,1
Male,47,Greater than 45,Caucasian,5,0,0,0,M,0
Male,66,Greater than 45,Caucasian,2,0,0,0,M,0
Male,51,Greater than 45,African-American,21,0,0,0,F,1
Female,28,25 - 45,Caucasian,3,0,0,0,F,1
Male,35,25 - 45,African-American,1,0,0,0,M,0
Male,24,Less than 25,African-American,0,0,0,0,F,0
Male,36,25 - 45,Caucasian,0,0,0,0,F,0
Male,21,Less than 25,African-American,0,0,0,1,F,1
Male,27,25 - 45,African-American,7,0,0,0,F,1
Male,28,25 - 45,African-American,18,0,1,0,F,1
Male,39,25 - 45,Caucasian,16,0,0,0,F,1
Male,19,Less than 25,African-American,0,0,0,0,F,1
Male,40,25 - 45,African-American,2,0,0,0,F,0
Male,30,25 - 45,Caucasian,5,0,0,0,F,1
Male,28,25 - 45,Caucasian,0,0,0,0,F,1
Male,27,25 - 45,Caucasian,0,0,0,0,M,0
Male,25,25 - 45,African-American,7,0,0,0,F,0
Female,24,Less than 25,African-American,0,0,0,0,F,0
Male,44,25 - 45,Caucasian,0,0,0,0,F,0
Male,44,25 - 45,African-American,0,0,0,0,F,0
Female,23,Less than 25,African-American,0,0,0,0,M,0
Female,31,25 - 45,Caucasian,2,0,0,1,F,1
Male,27,25 - 45,African-American,0,0,0,1,F,0
Female,26,25 - 45,Caucasian,1,0,0,0,F,1
Male,57,Greater than 45,African-American,16,0,0,0,M,1
Male,55,Greater than 45,Caucasian,0,0,0,0,F,0
Female,36,25 - 45,Caucasian,7,0,0,0,F,1
Male,30,25 - 45,African-American,18,0,0,0,M,1
Male,34,25 - 45,African-American,0,0,0,0,F,1
Male,24,Less than 25,African-American,1,0,0,0,F,0
Male,42,25 - 45,African-American,7,0,0,0,F,0
Female,34,25 - 45,Caucasian,12,0,0,0,F,1
Male,40,25 - 45,Caucasian,6,0,0,0,F,0
Male,31,25 - 45,Caucasian,3,0,0,0,M,1
Male,27,25 - 45,Caucasian,1,0,0,0,M,0
Male,37,25 - 45,African-American,3,0,0,0,M,0
Male,25,25 - 45,African-American,1,0,0,0,F,0
Male,45,Greater than 45,Caucasian,2,0,0,0,F,0
Male,31,25 - 45,Caucasian,1,0,0,0,F,0
Male,23,Less than 25,African-American,0,0,0,0,F,0
Male,21,Less than 25,African-American,0,0,0,0,F,0
Male,28,25 - 45,African-American,6,0,0,0,M,1
Male,35,25 - 45,African-American,0,0,0,0,F,0
Male,29,25 - 45,African-American,4,0,1,1,F,1
Male,23,Less than 25,African-American,2,0,0,0,F,1
Male,28,25 - 45,African-American,7,0,0,0,F,1
Female,34,25 - 45,Caucasian,0,0,0,0,M,1
Female,32,25 - 45,Caucasian,5,0,0,0,F,0
Male,25,25 - 45,African-American,2,0,0,0,F,0
Male,34,25 - 45,Caucasian,15,0,1,0,F,0
Male,47,Greater than 45,African-American,4,0,0,0,F,1
Female,30,25 - 45,African-American,4,0,0,0,F,0
Male,22,Less than 25,Caucasian,0,0,0,0,M,1
Female,47,Greater than 45,African-American,7,0,0,0,F,1
Male,37,25 - 45,Caucasian,3,0,0,0,F,0
Male,37,25 - 45,African-American,8,0,0,0,M,0
Male,26,25 - 45,African-American,7,0,0,0,F,1
Female,31,25 - 45,Caucasian,0,0,0,0,M,0
Male,20,Less than 25,Caucasian,0,0,0,3,F,1
Male,22,Less than 25,African-American,0,0,0,0,F,1
Male,33,25 - 45,African-American,14,0,0,1,F,1
Male,30,25 - 45,African-American,1,0,0,0,M,0
Male,27,25 - 45,Caucasian,5,0,0,0,F,1
Male,24,Less than 25,African-American,2,0,0,0,M,1
Male,29,25 - 45,African-American,0,0,0,0,M,0
Male,24,Less than 25,Caucasian,0,0,0,0,F,0
Female,36,25 - 45,African-American,1,0,0,0,F,0
Male,23,Less than 25,African-American,0,0,0,0,M,1
Male,21,Less than 25,African-American,1,0,0,1,F,1
Male,29,25 - 45,African-American,6,0,0,0,F,1
Male,29,25 - 45,African-American,4,0,0,0,M,0
Female,26,25 - 45,African-American,0,0,0,0,M,0
Female,50,Greater than 45,Caucasian,7,0,0,0,M,1
Male,32,25 - 45,African-American,1,0,0,0,F,0
Male,30,25 - 45,African-American,1,0,0,0,F,0
Male,25,25 - 45,African-American,0,0,0,0,F,0
Female,44,25 - 45,Caucasian,10,0,0,0,F,1
Male,58,Greater than 45,African-American,0,0,0,0,F,1
Male,24,Less than 25,African-American,5,0,0,0,F,0
Male,20,Less than 25,African-American,1,0,1,0,F,1
Male,29,25 - 45,Caucasian,0,0,0,0,M,1
Male,21,Less than 25,Caucasian,1,0,0,0,F,0
Female,46,Greater than 45,Caucasian,1,0,0,0,F,0
Male,29,25 - 45,African-American,17,0,1,0,F,1
Male,30,25 - 45,African-American,0,0,0,0,F,1
Male,55,Greater than 45,African-American,8,0,0,0,F,1
Male,47,Greater than 45,Caucasian,2,0,0,0,M,0
Male,30,25 - 45,African-American,13,0,0,0,F,1
Male,24,Less than 25,African-American,4,0,0,3,F,1
Male,45,Greater than 45,Caucasian,0,0,0,0,F,1
Male,26,25 - 45,African-American,2,0,0,0,M,0
Female,42,25 - 45,Caucasian,0,0,0,0,M,0
Male,34,25 - 45,African-American,1,0,0,0,M,0
Male,21,Less than 25,African-American,0,0,0,0,M,1
Female,69,Greater than 45,Caucasian,2,0,0,0,M,0
Male,24,Less than 25,Caucasian,5,0,0,1,F,1
Male,45,Greater than 45,African-American,1,0,0,0,M,0
Male,25,25 - 45,African-American,8,0,3,1,M,1
Male,52,Greater than 45,African-American,2,0,0,0,M,0
Male,30,25 - 45,Caucasian,0,0,0,0,F,0
Male,38,25 - 45,African-American,2,0,0,0,M,1
Male,23,Less than 25,African-American,4,0,2,2,F,1
Female,22,Less than 25,African-American,0,0,0,0,F,0
Male,35,25 - 45,African-American,6,0,0,0,F,0
Male,24,Less than 25,African-American,0,0,0,0,F,1
Male,35,25 - 45,African-American,1,0,0,0,M,0
Male,25,25 - 45,African-American,2,0,0,0,F,0
Male,58,Greater than 45,Caucasian,3,0,0,0,M,0
Male,27,25 - 45,African-American,7,0,0,0,F,1
Male,24,Less than 25,African-American,6,0,0,1,F,1
Male,33,25 - 45,Caucasian,2,0,0,0,M,0
Male,44,25 - 45,Caucasian,4,0,0,0,F,0
Male,30,25 - 45,African-American,3,0,0,0,F,0
Male,28,25 - 45,Caucasian,0,0,0,0,F,0
Male,34,25 - 45,African-American,1,0,0,0,F,0
Male,26,25 - 45,African-American,1,0,0,0,F,1
Male,23,Less than 25,African-American,0,0,0,0,F,0
Male,29,25 - 45,Caucasian,11,0,0,1,F,1
Male,31,25 - 45,African-American,0,0,0,0,M,0
Male,30,25 - 45,African-American,14,0,0,0,F,1
Male,21,Less than 25,Caucasian,2,0,0,0,F,1
Male,44,25 - 45,African-American,0,0,0,0,F,0
Male,52,Greater than 45,African-American,0,0,0,0,F,0
Male,30,25 - 45,African-American,6,0,0,0,F,1
Male,31,25 - 45,African-American,9,0,0,0,F,1
Female,21,Less than 25,African-American,2,0,1,0,F,0
Male,77,Greater than 45,Caucasian,1,0,0,0,M,0
Male,61,Greater than 45,Caucasian,4,0,0,0,F,0
Female,41,25 - 45,African-American,0,0,0,0,M,0
Female,24,Less than 25,Caucasian,0,0,0,0,M,0
Female,34,25 - 45,African-American,5,0,0,0,F,0
Male,25,25 - 45,African-American,6,0,0,2,M,1
Male,30,25 - 45,African-American,1,0,0,0,F,0
Male,55,Greater than 45,Caucasian,1,0,0,0,F,1
Male,32,25 - 45,Caucasian,0,0,0,0,F,1
Male,53,Greater than 45,African-American,5,0,0,0,M,0
Male,50,Greater than 45,Caucasian,1,0,0,0,M,0
Male,36,25 - 45,African-American,7,0,0,0,F,1
Male,35,25 - 45,African-American,16,0,0,0,F,1
Female,25,25 - 45,Caucasian,0,0,0,0,M,0
Female,31,25 - 45,Caucasian,2,0,0,0,M,0
Female,26,25 - 45,African-American,1,0,0,0,F,0
Male,25,25 - 45,Caucasian,0,0,0,0,M,0
Male,32,25 - 45,African-American,0,0,0,0,M,0
Male,40,25 - 45,Caucasian,5,0,0,0,F,0
Male,35,25 - 45,African-American,0,0,0,0,F,0
Male,27,25 - 45,African-American,2,0,0,0,F,0
Male,33,25 - 45,African-American,12,0,0,0,F,1
Male,30,25 - 45,Caucasian,2,0,0,0,F,0
Male,30,25 - 45,African-American,0,0,0,0,F,0
Male,41,25 - 45,African-American,19,0,0,0,F,0
Female,29,25 - 45,Caucasian,0,0,0,0,F,0
Male,25,25 - 45,Caucasian,0,0,0,0,F,0
Male,50,Greater than 45,Caucasian,0,0,0,0,F,0
Male,35,25 - 45,Caucasian,4,0,0,0,F,0
Male,37,25 - 45,African-American,17,1,0,0,F,1
Male,43,25 - 45,African-American,4,0,0,0,F,1
Male,29,25 - 45,Caucasian,12,0,0,0,M,1
Female,61,Greater than 45,Caucasian,0,0,0,0,F,0
Female,22,Less than 25,African-American,4,0,0,0,F,1
Male,27,25 - 45,Caucasian,2,0,0,0,F,1
Female,34,25 - 45,African-American,1,0,0,0,M,0
Female,20,Less than 25,African-American,0,0,0,1,M,1
Male,30,25 - 45,African-American,0,0,0,0,M,0
Female,43,25 - 45,African-American,0,0,0,0,M,0
Male,51,Greater than 45,Caucasian,4,0,0,0,F,1
Male,42,25 - 45,African-American,7,1,0,0,F,1
Female,24,Less than 25,Caucasian,0,0,0,0,M,0
Male,36,25 - 45,Caucasian,12,0,0,0,F,0
Male,39,25 - 45,Caucasian,0,0,0,0,F,1
Male,32,25 - 45,African-American,2,0,0,0,M,0
Male,38,25 - 45,African-American,0,0,0,0,M,0
Female,27,25 - 45,African-American,8,0,0,0,F,0
Female,30,25 - 45,Caucasian,0,0,0,0,F,1
Female,43,25 - 45,Caucasian,0,0,0,0,M,1
Male,30,25 - 45,African-American,8,6,0,0,M,1
Female,26,25 - 45,Caucasian,1,0,0,0,M,0
Male,37,25 - 45,Caucasian,3,0,0,0,F,0
Male,25,25 - 45,Caucasian,5,0,0,0,F,1
Male,65,Greater than 45,Caucasian,1,0,0,0,F,1
Male,29,25 - 45,Caucasian,1,0,0,0,F,0
Male,32,25 - 45,Caucasian,3,0,0,0,F,0
Male,21,Less than 25,African-American,8,0,2,6,F,1
Male,21,Less than 25,Caucasian,1,0,0,0,F,0
Male,47,Greater than 45,Caucasian,13,0,0,0,M,1
Female,36,25 - 45,African-American,4,0,0,0,F,0
Female,25,25 - 45,African-American,6,0,0,0,F,1
Male,32,25 - 45,Caucasian,4,0,0,0,M,1
Male,43,25 - 45,Caucasian,1,0,0,0,F,0
Male,27,25 - 45,African-American,2,0,0,0,F,0
Male,26,25 - 45,African-American,8,0,0,0,M,1
Male,21,Less than 25,African-American,1,0,0,0,F,0
Male,40,25 - 45,African-American,23,2,0,0,M,1
Male,38,25 - 45,Caucasian,3,0,0,0,M,0
Male,41,25 - 45,African-American,7,0,0,0,F,0
Male,25,25 - 45,Caucasian,7,0,0,0,F,1
Male,21,Less than 25,Caucasian,1,0,0,0,F,0
Female,74,Greater than 45,Caucasian,0,0,0,0,M,0
Male,41,25 - 45,Caucasian,5,0,0,0,M,1
Male,30,25 - 45,African-American,1,0,1,0,M,0
Female,33,25 - 45,Caucasian,3,0,0,0,F,1
Male,24,Less than 25,Caucasian,2,0,0,0,M,0
Female,29,25 - 45,Caucasian,0,0,0,0,M,0
Female,42,25 - 45,Caucasian,0,0,0,0,F,1
Female,30,25 - 45,Caucasian,1,0,0,1,F,0
Male,33,25 - 45,African-American,0,0,0,0,F,0
Male,21,Less than 25,African-American,2,0,0,1,F,1
Female,41,25 - 45,Caucasian,9,0,0,0,M,1
Female,28,25 - 45,African-American,5,0,0,0,M,0
Female,52,Greater than 45,African-American,3,0,0,0,F,0
Male,25,25 - 45,African-American,0,0,0,0,F,1
Female,27,25 - 45,African-American,0,0,0,0,M,0
Male,35,25 - 45,Caucasian,0,0,0,0,F,0
Male,40,25 - 45,African-American,2,0,0,0,M,0
Male,24,Less than 25,African-American,2,0,0,2,M,1
Male,24,Less than 25,African-American,10,5,1,0,F,1
Male,50,Greater than 45,Caucasian,1,0,0,0,F,0
Male,21,Less than 25,African-American,1,0,0,0,F,1
Male,24,Less than 25,African-American,2,0,0,2,F,1
Male,29,25 - 45,African-American,3,0,0,0,M,0
Female,25,25 - 45,Caucasian,0,0,0,0,M,0
Male,38,25 - 45,African-American,0,0,0,0,F,1
Male,46,Greater than 45,Caucasian,1,0,0,0,F,0
Male,33,25 - 45,African-American,9,0,0,2,M,1
Female,39,25 - 45,African-American,3,0,0,0,F,1
Male,35,25 - 45,African-American,4,0,0,0,F,0
Male,49,Greater than 45,Caucasian,12,0,0,0,F,1
Male,27,25 - 45,Caucasian,0,0,0,0,M,0
Male,22,Less than 25,African-American,2,0,1,3,F,0
Female,29,25 - 45,African-American,0,0,0,0,F,1
Male,31,25 - 45,African-American,0,0,0,0,M,0
Female,65,Greater than 45,Caucasian,0,0,0,0,F,0
Male,24,Less than 25,Caucasian,6,0,0,2,F,0
Male,46,Greater than 45,African-American,0,0,0,0,M,0
Male,20,Less than 25,African-American,0,0,0,0,F,1
Male,29,25 - 45,African-American,16,0,0,0,F,1
Male,29,25 - 45,African-American,7,0,0,0,F,0
Female,56,Greater than 45,Caucasian,3,0,0,0,F,0
Male,21,Less than 25,African-American,0,0,0,0,F,0
Male,40,25 - 45,African-American,0,0,0,0,F,1
Male,22,Less than 25,African-American,2,0,0,0,M,1
Male,39,25 - 45,Caucasian,0,0,0,0,M,0
Male,22,Less than 25,African-American,1,0,1,0,F,1
Male,36,25 - 45,Caucasian,1,0,0,0,F,0
Male,30,25 - 45,African-American,0,0,0,0,F,0
Male,36,25 - 45,African-American,0,0,0,0,M,0
Male,32,25 - 45,African-American,0,0,0,0,F,0
Female,34,25 - 45,African-American,5,0,0,0,F,1
Male,52,Greater than 45,Caucasian,0,0,0,0,M,0
Male,20,Less than 25,Caucasian,1,0,1,1,F,1
Male,38,25 - 45,African-American,5,0,0,0,M,0
Male,46,Greater than 45,Caucasian,0,0,0,0,M,0
Male,27,25 - 45,African-American,0,0,0,0,F,1
Male,20,Less than 25,African-American,2,0,0,0,F,1
Female,29,25 - 45,Caucasian,1,0,0,0,F,1
Female,35,25 - 45,African-American,7,0,0,0,F,1
Male,37,25 - 45,Caucasian,1,0,0,0,M,1
Male,63,Greater than 45,Caucasian,0,0,0,0,F,0
Male,27,25 - 45,African-American,1,0,0,0,F,1
Male,27,25 - 45,African-American,0,0,0,0,F,0
Male,24,Less than 25,African-American,2,0,0,0,M,1
Male,25,25 - 45,Caucasian,4,0,0,0,F,1
Male,27,25 - 45,African-American,0,0,0,0,M,0
Female,48,Greater than 45,African-American,0,0,0,0,M,0
Female,26,25 - 45,African-American,1,0,0,0,M,0
Male,23,Less than 25,Caucasian,1,0,0,2,F,1
Male,22,Less than 25,Caucasian,3,0,1,1,M,1
Male,41,25 - 45,African-American,0,0,0,0,F,0
Male,21,Less than 25,African-American,0,0,0,0,F,0
Female,39,25 - 45,African-American,3,0,0,0,M,0
Male,46,Greater than 45,Caucasian,0,0,0,0,M,0
Male,36,25 - 45,African-American,2,0,0,0,F,1
Male,32,25 - 45,Caucasian,0,0,0,0,M,0
Male,38,25 - 45,African-American,17,0,0,0,M,1
Male,22,Less than 25,African-American,1,0,0,0,F,1
Male,69,Greater than 45,Caucasian,0,0,0,0,M,1
Male,26,25 - 45,African-American,2,0,0,0,F,0
Female,27,25 - 45,African-American,1,0,0,0,M,1
Male,22,Less than 25,African-American,2,0,0,0,F,0
Female,43,25 - 45,Caucasian,0,0,0,0,F,0
Female,55,Greater than 45,Caucasian,0,0,0,0,M,0
Male,20,Less than 25,African-American,1,0,0,2,F,0
Male,22,Less than 25,African-American,1,0,0,0,M,1
Male,33,25 - 45,Caucasian,9,0,0,0,F,1
Male,55,Greater than 45,Caucasian,7,0,0,0,F,0
Male,22,Less than 25,African-American,1,0,0,0,F,0
Male,55,Greater than 45,African-American,1,0,0,0,F,0
Female,43,25 - 45,Caucasian,0,0,0,0,F,1
Male,21,Less than 25,African-American,0,0,0,3,F,1
Male,23,Less than 25,African-American,0,0,0,0,F,0
Female,28,25 - 45,Caucasian,1,0,0,0,M,0
Male,39,25 - 45,African-American,1,0,0,0,F,0
Male,79,Greater than 45,Caucasian,1,0,0,0,M,0
Male,48,Greater than 45,Caucasian,1,0,0,0,F,0
Male,31,25 - 45,African-American,5,1,0,0,M,0
Male,30,25 - 45,Caucasian,4,0,1,0,M,1
Male,32,25 - 45,African-American,5,0,0,0,F,1
Male,56,Greater than 45,Caucasian,1,0,0,0,M,0
Male,43,25 - 45,African-American,2,0,0,0,M,0
Male,27,25 - 45,African-American,21,0,0,0,F,1
Male,41,25 - 45,African-American,0,0,0,0,M,0
Male,43,25 - 45,African-American,3,0,0,0,M,1
Female,33,25 - 45,African-American,1,0,0,0,F,0
Male,22,Less than 25,African-American,0,0,0,0,F,0
Male,34,25 - 45,African-American,3,0,0,0,F,0
Male,36,25 - 45,Caucasian,0,0,0,0,M,0
Male,69,Greater than 45,Caucasian,0,0,0,0,F,0
Male,32,25 - 45,Caucasian,5,0,0,0,F,1
Male,22,Less than 25,African-American,1,0,0,0,F,1
Male,46,Greater than 45,Caucasian,0,0,0,0,F,0
Male,34,25 - 45,Caucasian,1,0,0,0,M,0
Male,39,25 - 45,African-American,0,0,0,0,M,0
Male,25,25 - 45,African-American,6,0,0,1,M,1
Male,63,Greater than 45,African-American,9,0,0,0,F,1
Male,24,Less than 25,Caucasian,8,0,0,0,F,1
Male,29,25 - 45,Caucasian,2,0,0,0,M,0
Male,20,Less than 25,African-American,3,0,3,0,F,1
Female,40,25 - 45,Caucasian,0,0,0,0,M,0
Male,30,25 - 45,African-American,7,0,0,0,F,1
Male,50,Greater than 45,Caucasian,5,0,0,0,F,0
Male,37,25 - 45,African-American,4,0,0,0,M,1
Male,34,25 - 45,African-American,1,0,0,0,F,0
Female,31,25 - 45,African-American,1,0,0,0,M,1
Male,23,Less than 25,Caucasian,10,0,0,1,F,0
Male,37,25 - 45,Caucasian,2,0,0,0,F,1
Male,26,25 - 45,Caucasian,2,0,0,0,F,0
Male,34,25 - 45,African-American,12,0,0,0,F,1
Male,59,Greater than 45,Caucasian,2,0,0,0,M,1
Male,37,25 - 45,Caucasian,2,0,0,0,M,0
Male,45,Greater than 45,Caucasian,1,0,0,0,F,1
Male,22,Less than 25,African-American,1,0,0,0,F,0
Male,24,Less than 25,African-American,3,0,0,1,F,1
Male,25,25 - 45,African-American,5,0,0,0,F,0
Male,24,Less than 25,African-American,6,0,0,0,F,1
Male,20,Less than 25,African-American,1,0,0,0,M,1
Female,32,25 - 45,Caucasian,2,0,0,0,F,1
Male,49,Greater than 45,African-American,3,0,0,0,F,1
Male,31,25 - 45,Caucasian,11,0,0,0,F,1
Male,58,Greater than 45,Caucasian,7,0,0,0,F,1
Male,26,25 - 45,African-American,11,0,1,1,F,1
Male,20,Less than 25,African-American,1,1,0,0,F,0
Male,51,Greater than 45,Caucasian,1,0,0,0,M,1
Male,30,25 - 45,African-American,2,0,0,0,M,0
Male,26,25 - 45,African-American,2,0,0,0,F,0
Female,26,25 - 45,Caucasian,0,0,0,0,F,0
Male,26,25 - 45,African-American,5,0,0,0,F,0
Male,20,Less than 25,Caucasian,0,0,0,2,F,0
Male,28,25 - 45,African-American,0,0,0,0,F,1
Male,23,Less than 25,African-American,1,0,1,2,M,1
Female,21,Less than 25,African-American,0,0,0,0,M,0
Male,30,25 - 45,Caucasian,0,0,0,0,F,0
Male,21,Less than 25,Caucasian,2,0,2,7,F,1
Male,20,Less than 25,Caucasian,1,1,0,0,F,1
Male,24,Less than 25,Caucasian,5,0,0,0,F,1
Male,35,25 - 45,African-American,22,0,0,0,F,1
Male,50,Greater than 45,Caucasian,2,0,0,0,F,1
Male,25,25 - 45,African-American,5,0,0,0,M,0
Male,31,25 - 45,African-American,12,1,1,1,M,1
Male,26,25 - 45,African-American,0,0,0,0,F,0
Male,22,Less than 25,African-American,0,0,0,0,F,0
Male,29,25 - 45,African-American,0,0,0,0,F,0
Male,52,Greater than 45,Caucasian,1,0,0,0,F,0
Male,21,Less than 25,African-American,0,0,0,0,F,0
Male,21,Less than 25,Caucasian,1,0,0,0,F,0
Female,20,Less than 25,Caucasian,0,0,0,0,F,1
Male,30,25 - 45,Caucasian,1,0,0,0,F,1
Female,33,25 - 45,African-American,3,0,0,0,M,1
Male,24,Less than 25,African-American,3,0,0,0,F,0
Female,30,25 - 45,African-American,11,0,0,0,F,1
Female,30,25 - 45,Caucasian,0,0,0,0,M,0
Male,47,Greater than 45,African-American,13,0,0,0,F,1
Male,41,25 - 45,African-American,9,0,1,0,M,0
Male,48,Greater than 45,Caucasian,6,0,0,0,F,0
Male,52,Greater than 45,African-American,2,0,0,0,F,1
Female,34,25 - 45,African-American,1,0,0,0,M,0
Male,35,25 - 45,Caucasian,0,0,0,0,F,1
Male,24,Less than 25,African-American,1,0,0,1,F,1
Male,25,25 - 45,African-American,1,0,0,0,M,0
Male,34,25 - 45,African-American,20,0,1,0,F,1
Male,25,25 - 45,African-American,2,0,0,0,F,1
Male,56,Greater than 45,Caucasian,6,0,0,0,F,0
Male,23,Less than 25,African-American,0,0,0,0,F,0
Male,21,Less than 25,Caucasian,0,0,0,0,M,0
Male,66,Greater than 45,Caucasian,0,0,0,0,M,0
Male,28,25 - 45,African-American,7,0,0,0,M,0
Male,29,25 - 45,Caucasian,0,0,0,0,M,0
Male,22,Less than 25,Caucasian,3,0,0,0,F,1
Male,39,25 - 45,Caucasian,0,0,0,0,F,0
Male,33,25 - 45,African-American,9,0,0,1,M,1
Male,29,25 - 45,Caucasian,2,0,0,0,F,1
Male,31,25 - 45,Caucasian,1,0,0,0,F,0
Male,22,Less than 25,African-American,0,0,0,0,M,0
Female,22,Less than 25,Caucasian,0,0,0,0,M,0
Male,35,25 - 45,Caucasian,3,0,0,2,F,0
Male,29,25 - 45,Caucasian,3,0,0,0,F,1
Male,56,Greater than 45,Caucasian,1,0,0,0,F,0
Female,34,25 - 45,African-American,0,0,0,0,F,0
Male,23,Less than 25,African-American,1,0,0,0,F,1
Male,27,25 - 45,African-American,1,1,0,0,F,1
Male,43,25 - 45,Caucasian,2,0,0,0,F,0
Male,38,25 - 45,Caucasian,0,0,0,0,F,0
Male,39,25 - 45,Caucasian,3,0,0,0,F,0
Male,24,Less than 25,African-American,1,0,0,1,F,1
Male,26,25 - 45,African-American,2,0,0,0,M,0
Female,55,Greater than 45,Caucasian,0,0,0,0,M,0
Male,35,25 - 45,African-American,1,0,0,0,F,1
Male,61,Greater than 45,African-American,25,0,0,0,F,0
Male,40,25 - 45,Caucasian,4,0,0,0,F,0
Male,33,25 - 45,African-American,3,0,0,0,F,0
Male,26,25 - 45,Caucasian,0,0,0,0,F,1
Male,32,25 - 45,Caucasian,15,0,1,0,F,1
Male,28,25 - 45,African-American,0,0,0,0,F,0
Male,45,Greater than 45,Caucasian,0,0,0,0,M,0
Male,30,25 - 45,Caucasian,0,0,0,0,F,1
Female,57,Greater than 45,Caucasian,4,0,0,0,F,0
Male,26,25 - 45,African-American,3,0,0,0,F,1
Male,35,25 - 45,African-American,1,0,0,0,F,0
Female,29,25 - 45,African-American,0,0,0,0,F,0
Female,40,25 - 45,Caucasian,0,0,0,0,M,0
Male,28,25 - 45,Caucasian,1,0,0,0,F,1
Female,25,25 - 45,African-American,0,0,0,1,M,0
Male,44,25 - 45,African-American,3,0,0,0,M,0
Male,23,Less than 25,Caucasian,4,0,0,1,F,1
Male,29,25 - 45,African-American,0,0,0,0,F,0
Male,56,Greater than 45,Caucasian,0,0,0,0,M,0
Female,27,25 - 45,African-American,0,0,0,0,M,0
Female,29,25 - 45,Caucasian,0,0,0,0,M,0
Female,34,25 - 45,Caucasian,4,0,0,0,M,0
Female,22,Less than 25,African-American,0,0,0,0,F,0
Male,40,25 - 45,Caucasian,5,0,0,0,F,1
Male,31,25 - 45,Caucasian,0,0,0,0,F,0
Male,47,Greater than 45,African-American,3,0,0,0,F,0
Male,24,Less than 25,African-American,8,0,0,0,F,1
Male,39,25 - 45,African-American,4,0,0,0,F,0
Male,29,25 - 45,African-American,10,0,0,0,F,1
Female,26,25 - 45,African-American,4,0,0,0,F,1
Male,61,Greater than 45,African-American,2,0,0,0,M,0
Male,30,25 - 45,African-American,0,0,0,0,M,0
Male,20,Less than 25,African-American,0,0,0,1,M,1
Male,56,Greater than 45,African-American,22,0,0,0,F,1
Female,50,Greater than 45,Caucasian,3,0,0,0,F,1
Male,30,25 - 45,African-American,10,0,0,0,F,1
Male,59,Greater than 45,African-American,1,0,0,0,M,0
Male,20,Less than 25,African-American,1,1,0,0,F,1
Male,23,Less than 25,Caucasian,4,0,1,0,M,1
Female,28,25 - 45,Caucasian,2,0,0,0,F,1
Male,35,25 - 45,Caucasian,3,0,0,0,M,1
Male,22,Less than 25,African-American,1,0,0,0,F,1
Male,22,Less than 25,African-American,0,0,0,0,F,0
Male,61,Greater than 45,African-American,8,0,0,0,F,1
Male,26,25 - 45,African-American,5,0,0,0,F,0
Male,44,25 - 45,Caucasian,1,0,0,0,F,0
Female,34,25 - 45,African-American,0,0,0,0,M,1
Male,29,25 - 45,Caucasian,1,0,0,0,F,1
Male,29,25 - 45,African-American,8,0,0,0,M,0
Male,48,Greater than 45,African-American,5,0,0,0,F,1
Female,31,25 - 45,African-American,0,0,0,0,M,0
Male,21,Less than 25,Caucasian,2,0,0,0,F,0
Male,34,25 - 45,Caucasian,4,0,0,0,F,0
Male,54,Greater than 45,African-American,21,0,0,0,F,0
Male,20,Less than 25,Caucasian,4,0,4,0,F,0
Male,31,25 - 45,Caucasian,1,0,0,0,F,1
Male,22,Less than 25,Caucasian,0,0,0,0,M,0
Male,36,25 - 45,African-American,6,0,0,0,M,0
Male,34,25 - 45,African-American,9,3,1,0,F,1
Male,50,Greater than 45,African-American,15,0,0,0,M,0
Male,31,25 - 45,African-American,1,0,0,0,M,0
Male,49,Greater than 45,African-American,10,0,0,0,F,1
Male,21,Less than 25,African-American,2,1,0,1,F,0
Female,26,25 - 45,African-American,5,0,0,0,F,1
Female,25,25 - 45,Caucasian,2,0,0,0,F,1
Male,38,25 - 45,Caucasian,5,0,0,0,F,0
Male,35,25 - 45,Caucasian,2,0,0,0,M,0
Male,32,25 - 45,African-American,4,0,0,0,F,1
Male,29,25 - 45,Caucasian,1,0,0,0,F,0
Male,46,Greater than 45,Caucasian,0,0,0,0,F,0
Male,53,Greater than 45,Caucasian,1,0,0,0,M,0
Female,27,25 - 45,Caucasian,1,0,0,0,F,1
Male,29,25 - 45,Caucasian,4,0,0,0,F,0
Male,23,Less than 25,African-American,3,0,0,0,M,1
Male,24,Less than 25,Caucasian,1,0,0,0,M,0
Male,33,25 - 45,African-American,18,0,0,0,F,1
Male,32,25 - 45,African-American,1,0,0,0,M,1
Female,38,25 - 45,African-American,7,0,0,0,F,1
Male,40,25 - 45,African-American,20,0,0,0,F,0
Female,36,25 - 45,African-American,1,0,0,0,M,0
Male,34,25 - 45,African-American,16,0,0,0,F,1
Male,41,25 - 45,Caucasian,1,0,0,0,M,1
Male,57,Greater than 45,Caucasian,7,0,0,0,F,0
Male,26,25 - 45,African-American,1,0,0,0,F,0
Male,45,Greater than 45,African-American,0,0,0,0,F,1
Male,26,25 - 45,African-American,2,0,0,1,F,0
Female,48,Greater than 45,Caucasian,0,0,0,0,F,0
Male,52,Greater than 45,Caucasian,7,0,0,0,M,0
Female,43,25 - 45,African-American,0,0,0,0,M,0
Male,24,Less than 25,Caucasian,3,0,0,0,F,0
Male,27,25 - 45,African-American,11,0,0,0,F,1
Male,28,25 - 45,African-American,2,0,0,0,F,1
Male,21,Less than 25,African-American,0,0,0,0,F,0
Male,33,25 - 45,African-American,5,0,0,0,M,1
Male,25,25 - 45,African-American,1,0,0,0,F,1
Male,36,25 - 45,African-American,17,0,2,0,F,1
Female,25,25 - 45,Caucasian,0,0,0,0,F,0
Male,46,Greater than 45,Caucasian,0,0,0,0,M,0
Female,24,Less than 25,African-American,0,0,0,0,F,0
Male,28,25 - 45,African-American,4,0,0,0,F,1
Male,28,25 - 45,African-American,12,0,0,1,M,1
Male,23,Less than 25,African-American,0,0,0,0,M,1
Male,50,Greater than 45,Caucasian,1,0,0,0,M,1
Male,24,Less than 25,Caucasian,0,0,0,0,M,0
Female,55,Greater than 45,African-American,2,0,0,0,F,0
Male,22,Less than 25,African-American,0,0,0,0,F,1
Male,38,25 - 45,African-American,14,0,0,0,F,0
Male,31,25 - 45,African-American,1,0,0,0,F,0
Female,30,25 - 45,African-American,3,0,0,0,F,0
Male,37,25 - 45,African-American,16,0,0,0,F,1
Female,41,25 - 45,Caucasian,1,0,0,0,M,0
Male,20,Less than 25,African-American,0,0,0,0,F,1
Male,21,Less than 25,Caucasian,0,0,0,0,M,1
Male,22,Less than 25,Caucasian,1,0,0,0,M,0
Male,38,25 - 45,African-American,7,0,0,0,M,0
Male,31,25 - 45,African-American,0,0,0,0,F,0
Male,28,25 - 45,Caucasian,0,0,0,0,F,0
Male,39,25 - 45,African-American,1,0,0,0,F,0
Male,34,25 - 45,African-American,22,0,0,0,F,1
Male,24,Less than 25,African-American,0,0,0,0,M,1
Male,27,25 - 45,African-American,9,0,0,0,F,1
Male,43,25 - 45,African-American,2,0,0,0,F,0
Male,26,25 - 45,African-American,1,0,0,0,F,0
Male,32,25 - 45,African-American,7,0,3,0,F,0
Female,57,Greater than 45,Caucasian,2,0,0,0,F,0
Female,40,25 - 45,Caucasian,0,0,0,0,M,0
Male,33,25 - 45,Caucasian,6,0,0,0,F,1
Male,30,25 - 45,African-American,2,0,0,0,F,1
Male,29,25 - 45,Caucasian,1,0,0,0,M,0
Male,36,25 - 45,African-American,2,0,0,0,M,0
Male,35,25 - 45,African-American,6,0,0,0,F,1
Male,21,Less than 25,African-American,2,0,1,0,F,1
Male,49,Greater than 45,African-American,29,0,0,0,F,1
Female,37,25 - 45,African-American,23,0,0,0,M,1
Male,29,25 - 45,African-American,3,0,0,0,F,1
Male,25,25 - 45,African-American,1,0,0,1,F,1
Male,20,Less than 25,African-American,2,0,0,0,F,1
Male,55,Greater than 45,African-American,5,0,0,0,F,0
Male,26,25 - 45,Caucasian,0,0,0,0,M,0
Female,52,Greater than 45,Caucasian,6,0,0,0,F,0
Male,52,Greater than 45,African-American,16,0,0,0,F,1
Male,60,Greater than 45,Caucasian,2,0,0,0,M,0
Male,44,25 - 45,Caucasian,0,0,0,0,M,0
Female,25,25 - 45,African-American,2,0,0,0,M,0
Female,20,Less than 25,Caucasian,4,0,0,0,F,1
Male,28,25 - 45,Caucasian,3,0,0,0,F,1
Male,22,Less than 25,Caucasian,1,0,0,0,F,0
Male,24,Less than 25,Caucasian,1,0,0,0,F,1
Female,28,25 - 45,African-American,0,0,0,0,F,0
Male,35,25 - 45,African-American,10,0,0,0,F,1
Male,30,25 - 45,Caucasian,0,0,0,0,M,0
Male,22,Less than 25,African-American,0,0,0,2,F,1
Male,39,25 - 45,African-American,9,0,0,0,F,0
Male,26,25 - 45,African-American,5,0,0,0,M,0
Female,23,Less than 25,African-American,0,0,0,0,F,0
Female,52,Greater than 45,African-American,0,0,0,0,F,1
Female,22,Less than 25,African-American,0,0,0,5,M,1
Male,54,Greater than 45,Caucasian,0,0,0,0,F,0
Male,50,Greater than 45,African-American,2,0,0,0,M,0
Male,20,Less than 25,African-American,2,0,0,4,F,1
Male,25,25 - 45,Caucasian,1,0,0,0,F,0
Female,46,Greater than 45,Caucasian,0,0,0,0,F,0
Male,22,Less than 25,Caucasian,0,0,0,0,M,0
Male,38,25 - 45,Caucasian,10,1,0,0,F,1
Female,34,25 - 45,African-American,5,0,0,0,F,1
Male,18,Less than 25,African-American,4,5,0,2,F,1
Female,26,25 - 45,Caucasian,3,0,0,0,F,1
Female,23,Less than 25,Caucasian,0,0,0,0,F,0
Male,44,25 - 45,Caucasian,1,0,0,0,M,1
Male,53,Greater than 45,Caucasian,9,0,0,0,F,1
Male,27,25 - 45,African-American,4,0,0,0,F,1
Male,25,25 - 45,Caucasian,2,0,0,0,F,0
Male,19,Less than 25,Caucasian,1,0,1,3,F,1
Male,53,Greater than 45,Caucasian,0,0,0,0,F,0
Male,39,25 - 45,African-American,0,0,0,0,M,0
Male,27,25 - 45,African-American,6,1,0,0,F,1
Female,21,Less than 25,African-American,2,0,0,0,F,1
Female,24,Less than 25,African-American,7,0,0,0,F,0
Male,33,25 - 45,Caucasian,0,0,0,0,M,0
Female,24,Less than 25,Caucasian,1,0,0,4,M,0
Male,46,Greater than 45,Caucasian,1,0,0,0,F,0
Female,38,25 - 45,Caucasian,0,0,0,0,F,0
Male,30,25 - 45,African-American,13,0,2,2,F,1
Male,26,25 - 45,African-American,27,0,2,2,M,1
Male,57,Greater than 45,Caucasian,2,0,0,0,F,0
Male,43,25 - 45,Caucasian,0,0,0,0,F,0
Male,22,Less than 25,African-American,0,0,0,0,M,0
Female,28,25 - 45,African-American,9,0,0,0,M,1
Male,51,Greater than 45,Caucasian,3,0,0,0,F,0
Male,24,Less than 25,Caucasian,1,0,0,0,F,0
Male,48,Greater than 45,African-American,3,0,0,0,F,1
Male,26,25 - 45,Caucasian,0,0,0,0,M,1
Male,31,25 - 45,African-American,6,0,0,0,F,1
Male,27,25 - 45,African-American,6,1,2,1,M,0
Male,25,25 - 45,African-American,0,0,0,0,M,0
Male,56,Greater than 45,Caucasian,3,0,0,0,M,0
Female,29,25 - 45,African-American,1,0,0,0,M,0
Female,30,25 - 45,Caucasian,3,0,0,0,F,1
Male,21,Less than 25,African-American,0,0,0,0,F,0
Male,22,Less than 25,Caucasian,1,0,0,0,F,1
Female,28,25 - 45,African-American,0,0,0,0,M,0
Male,35,25 - 45,African-American,2,0,0,0,F,0
Male,23,Less than 25,Caucasian,0,0,0,0,F,0
Male,48,Greater than 45,African-American,4,0,0,0,F,0
Male,22,Less than 25,Caucasian,4,0,1,2,M,1
Male,37,25 - 45,African-American,2,0,0,0,F,0
Male,33,25 - 45,African-American,0,0,0,0,F,0
Male,23,Less than 25,African-American,5,0,0,1,F,1
Male,22,Less than 25,African-American,0,0,0,1,M,1
Male,24,Less than 25,African-American,0,0,0,0,F,0
Male,44,25 - 45,African-American,2,0,0,0,M,0
Female,26,25 - 45,African-American,0,0,0,0,M,0
Male,29,25 - 45,African-American,2,0,0,0,F,0
Male,30,25 - 45,Caucasian,1,0,0,0,M,0
Male,23,Less than 25,African-American,1,0,0,0,F,1
Female,28,25 - 45,African-American,0,0,0,0,F,1
Male,20,Less than 25,African-American,0,0,0,0,F,0
Female,24,Less than 25,Caucasian,7,0,2,0,M,0
Male,37,25 - 45,African-American,6,0,0,0,F,1
Female,21,Less than 25,African-American,1,0,0,0,F,0
Male,27,25 - 45,African-American,8,0,0,0,F,1
Male,26,25 - 45,African-American,2,0,0,0,F,1
Male,42,25 - 45,Caucasian,0,0,0,0,M,0
Male,23,Less than 25,African-American,8,0,0,0,F,1
Female,55,Greater than 45,Caucasian,0,0,0,0,M,0
Male,24,Less than 25,Caucasian,1,0,0,0,F,1
Male,23,Less than 25,African-American,0,0,0,0,M,0
Female,64,Greater than 45,African-American,0,0,0,0,F,0
Female,39,25 - 45,African-American,0,0,0,0,F,1
Male,30,25 - 45,Caucasian,0,0,0,0,M,0
Female,22,Less than 25,African-American,1,0,0,0,M,0
Male,20,Less than 25,African-American,2,0,0,0,F,1
Male,21,Less than 25,African-American,0,0,0,0,F,1
Male,24,Less than 25,Caucasian,0,0,0,0,F,0
Male,30,25 - 45,African-American,3,0,0,0,M,0
Male,51,Greater than 45,African-American,12,0,0,0,F,1
Male,21,Less than 25,African-American,1,1,0,2,F,1
Male,31,25 - 45,African-American,1,0,0,0,F,0
Male,23,Less than 25,African-American,2,0,0,0,M,1
Male,32,25 - 45,African-American,4,0,0,0,F,1
Male,28,25 - 45,African-American,11,0,0,0,F,1
Male,24,Less than 25,African-American,0,0,0,1,F,0
Female,19,Less than 25,African-American,1,0,0,0,F,1
Male,29,25 - 45,African-American,3,0,0,0,F,1
Male,41,25 - 45,African-American,6,0,0,0,F,1
Male,28,25 - 45,African-American,4,0,0,0,M,1
Male,29,25 - 45,Caucasian,6,0,0,0,F,1
Male,49,Greater than 45,Caucasian,0,0,0,0,F,0
Male,42,25 - 45,Caucasian,0,0,0,0,M,0
Male,38,25 - 45,African-American,4,0,0,0,M,0
Male,22,Less than 25,African-American,3,0,0,1,F,1
Male,46,Greater than 45,Caucasian,0,0,0,0,M,1
Male,38,25 - 45,African-American,0,0,0,0,F,1
Male,36,25 - 45,African-American,0,0,0,0,F,0
Male,22,Less than 25,Caucasian,6,0,0,0,F,1
Male,29,25 - 45,African-American,11,0,0,0,M,0
Male,39,25 - 45,African-American,2,0,0,0,M,0
Male,47,Greater than 45,Caucasian,0,0,0,0,M,0
Male,26,25 - 45,African-American,7,0,0,0,F,1
Female,21,Less than 25,African-American,0,0,0,0,F,1
Male,63,Greater than 45,African-American,2,0,0,0,M,0
Male,27,25 - 45,African-American,2,0,0,0,F,1
Male,55,Greater than 45,Caucasian,27,0,0,0,M,0
Male,26,25 - 45,Caucasian,0,0,0,0,F,1
Male,37,25 - 45,Caucasian,1,0,0,0,M,0
Male,34,25 - 45,African-American,0,0,0,0,F,0
Male,25,25 - 45,African-American,2,1,1,0,F,1
Male,32,25 - 45,African-American,8,0,0,1,F,0
Female,25,25 - 45,African-American,5,0,0,0,F,1
Female,33,25 - 45,African-American,2,0,0,0,F,1
Male,26,25 - 45,African-American,2,0,0,0,F,1
Male,29,25 - 45,African-American,2,0,0,0,M,0
Male,28,25 - 45,Caucasian,6,0,0,0,M,1
Male,53,Greater than 45,African-American,20,0,0,0,F,0
Male,27,25 - 45,Caucasian,0,0,0,0,F,0
Male,48,Greater than 45,Caucasian,0,0,0,0,F,0
Male,25,25 - 45,Caucasian,1,0,0,0,M,1
Male,67,Greater than 45,Caucasian,0,0,0,0,F,0
Male,29,25 - 45,African-American,2,0,0,1,M,0
Female,53,Greater than 45,African-American,3,0,0,0,F,0
Male,49,Greater than 45,African-American,0,0,0,0,F,0
Female,44,25 - 45,Caucasian,0,0,0,0,M,0
Male,26,25 - 45,African-American,10,1,0,0,F,1
Male,46,Greater than 45,African-American,0,0,0,0,M,0
Male,30,25 - 45,Caucasian,1,0,0,0,F,1
Female,48,Greater than 45,African-American,0,0,0,0,F,1
Male,77,Greater than 45,African-American,1,0,0,0,M,1
Male,21,Less than 25,African-American,2,0,2,2,F,1
Male,54,Greater than 45,African-American,4,0,0,0,F,1
Male,54,Greater than 45,Caucasian,3,0,0,0,F,0
Male,26,25 - 45,African-American,15,0,0,0,F,0
Male,23,Less than 25,African-American,8,0,1,1,F,1
Male,39,25 - 45,Caucasian,2,0,0,0,F,0
Male,29,25 - 45,African-American,1,0,0,0,M,1
Male,30,25 - 45,African-American,9,1,0,0,M,1
Male,41,25 - 45,African-American,6,0,0,0,F,0
Male,32,25 - 45,African-American,1,0,0,0,M,0
Male,48,Greater than 45,African-American,12,0,0,0,M,0
Male,52,Greater than 45,African-American,0,0,0,0,M,1
Male,31,25 - 45,African-American,3,0,1,0,F,1
Male,22,Less than 25,Caucasian,1,0,0,3,F,1
Female,46,Greater than 45,Caucasian,0,0,0,0,M,0
Male,29,25 - 45,African-American,7,0,0,0,F,1
Female,22,Less than 25,African-American,0,0,0,0,F,0
Male,39,25 - 45,African-American,8,0,0,0,F,0
Male,35,25 - 45,African-American,9,0,0,0,F,0
Male,26,25 - 45,African-American,1,0,0,0,M,0
Male,27,25 - 45,African-American,1,0,0,0,F,0
Male,27,25 - 45,African-American,5,0,0,0,F,1
Female,34,25 - 45,Caucasian,10,0,0,0,F,1
Female,32,25 - 45,African-American,0,0,0,0,M,1
Male,25,25 - 45,African-American,5,0,0,1,F,1
Male,22,Less than 25,Caucasian,2,0,0,1,M,1
Male,52,Greater than 45,African-American,7,0,0,0,F,1
Male,21,Less than 25,African-American,2,0,0,0,F,1
Male,28,25 - 45,African-American,11,0,1,0,F,1
Male,23,Less than 25,Caucasian,4,0,1,0,M,1
Male,31,25 - 45,African-American,1,0,0,0,M,0
Male,34,25 - 45,Caucasian,1,0,0,0,M,0
Male,32,25 - 45,African-American,0,0,0,0,M,0
Female,50,Greater than 45,Caucasian,0,0,0,0,M,1
Male,27,25 - 45,African-American,1,0,0,0,M,0
Female,26,25 - 45,African-American,4,0,1,0,F,0
Male,27,25 - 45,African-American,4,1,0,0,F,1
Male,29,25 - 45,Caucasian,0,0,0,0,F,1
Male,58,Greater than 45,African-American,0,0,0,0,M,0
Male,27,25 - 45,African-American,14,2,0,0,F,1
Male,28,25 - 45,African-American,5,0,0,0,F,1
Male,24,Less than 25,African-American,15,0,5,1,F,1
Male,50,Greater than 45,Caucasian,0,0,0,0,M,0
Female,30,25 - 45,African-American,15,0,0,0,F,1
Male,43,25 - 45,Caucasian,0,0,0,0,F,1
Male,24,Less than 25,Caucasian,0,0,0,0,F,1
Male,34,25 - 45,African-American,10,0,0,0,F,0
Male,26,25 - 45,Caucasian,2,0,0,0,F,0
Male,31,25 - 45,Caucasian,0,0,0,0,F,0
Male,23,Less than 25,African-American,1,0,0,3,F,1
Male,39,25 - 45,African-American,0,0,0,0,F,0
Male,50,Greater than 45,African-American,4,0,0,0,F,1
Female,22,Less than 25,African-American,0,0,0,0,M,0
Female,25,25 - 45,African-American,0,0,0,0,M,0
Female,21,Less than 25,African-American,2,0,1,0,F,0
Male,20,Less than 25,Caucasian,1,0,0,0,F,0
Male,54,Greater than 45,African-American,12,0,0,0,M,1
Female,27,25 - 45,African-American,2,0,0,0,F,1
Male,45,Greater than 45,Caucasian,5,0,0,0,F,1
Male,34,25 - 45,African-American,13,3,1,0,F,1
Female,55,Greater than 45,Caucasian,0,0,0,0,F,0
Male,24,Less than 25,African-American,0,0,0,0,M,0
Male,20,Less than 25,African-American,0,0,0,1,F,1
Male,37,25 - 45,African-American,5,0,0,0,M,1
Female,34,25 - 45,Caucasian,1,0,0,0,M,0
Female,41,25 - 45,African-American,2,0,0,0,F,1
Male,21,Less than 25,African-American,1,0,0,0,F,1
Male,22,Less than 25,African-American,3,0,0,0,F,1
Male,24,Less than 25,African-American,0,0,0,0,F,0
Male,42,25 - 45,Caucasian,8,0,0,0,F,0
Female,23,Less than 25,African-American,0,0,0,0,M,1
Male,20,Less than 25,Caucasian,0,0,0,0,M,0
Female,44,25 - 45,Caucasian,0,0,0,0,F,1
Male,20,Less than 25,African-American,0,0,0,0,M,0
Male,27,25 - 45,African-American,5,0,0,0,M,0
Male,20,Less than 25,Caucasian,0,0,0,0,M,1
Male,20,Less than 25,African-American,0,0,0,0,F,0
Male,28,25 - 45,Caucasian,1,0,0,0,F,1
Male,29,25 - 45,African-American,9,0,0,0,F,1
Male,21,Less than 25,African-American,0,0,0,0,F,1
Female,24,Less than 25,African-American,2,0,0,0,F,1
Female,24,Less than 25,African-American,0,0,0,0,F,0
Male,23,Less than 25,African-American,3,0,1,0,F,1
Male,27,25 - 45,Caucasian,0,0,0,0,F,0
Male,24,Less than 25,Caucasian,0,0,0,0,F,0
Male,31,25 - 45,African-American,6,0,1,0,M,1
Male,22,Less than 25,African-American,0,0,0,0,F,1
Male,54,Greater than 45,Caucasian,0,0,0,0,F,0
Female,35,25 - 45,African-American,7,0,0,0,F,1
Female,53,Greater than 45,African-American,0,0,0,0,F,0
Male,26,25 - 45,African-American,9,0,0,0,M,1
Male,48,Greater than 45,African-American,7,0,0,0,M,1
Female,56,Greater than 45,African-American,2,0,0,0,M,1
Male,25,25 - 45,African-American,6,0,0,0,F,1
Female,49,Greater than 45,Caucasian,0,0,0,0,F,0
Male,34,25 - 45,Caucasian,0,0,0,0,M,1
Male,21,Less than 25,African-American,0,0,0,0,M,1
Male,23,Less than 25,Caucasian,0,0,0,0,F,1
Male,57,Greater than 45,Caucasian,0,0,0,0,F,0
Male,25,25 - 45,Caucasian,5,0,0,0,F,1
Female,42,25 - 45,African-American,1,0,0,0,F,0
Male,51,Greater than 45,African-American,1,0,0,0,F,0
Male,53,Greater than 45,African-American,13,0,0,0,M,0
Female,43,25 - 45,African-American,6,0,0,0,F,0
Male,34,25 - 45,African-American,0,0,0,0,F,0
Female,27,25 - 45,Caucasian,2,0,0,0,F,1
Male,51,Greater than 45,African-American,0,0,0,0,M,0
Male,26,25 - 45,Caucasian,1,0,0,0,M,0
Male,47,Greater than 45,African-American,5,0,0,0,F,0
Male,22,Less than 25,Caucasian,0,0,0,1,F,0
Female,36,25 - 45,Caucasian,0,0,0,0,F,0
Male,41,25 - 45,Caucasian,4,0,0,0,F,1
Male,25,25 - 45,African-American,6,0,3,1,M,0
Male,33,25 - 45,Caucasian,0,0,0,0,M,0
Female,44,25 - 45,Caucasian,3,0,0,0,F,1
Male,46,Greater than 45,Caucasian,0,0,0,0,F,1
Female,28,25 - 45,African-American,1,0,0,0,F,0
Male,28,25 - 45,African-American,5,1,0,0,F,1
Male,66,Greater than 45,African-American,5,0,0,0,F,1
Male,20,Less than 25,Caucasian,0,0,0,0,M,0
Male,27,25 - 45,African-American,2,0,0,0,F,0
Male,25,25 - 45,African-American,3,0,0,0,F,1
Female,39,25 - 45,African-American,1,0,0,0,F,0
Female,41,25 - 45,African-American,7,0,0,0,F,1
Male,26,25 - 45,African-American,0,0,0,0,F,0
Male,25,25 - 45,African-American,2,0,0,0,M,1
Male,22,Less than 25,African-American,2,0,0,0,F,1
Male,25,25 - 45,African-American,7,0,0,0,F,1
Female,20,Less than 25,Caucasian,0,0,0,0,M,1
Male,56,Greater than 45,Caucasian,5,0,0,0,M,0
Male,25,25 - 45,African-American,5,0,0,0,F,1
Female,48,Greater than 45,African-American,1,0,0,0,F,0
Male,21,Less than 25,African-American,1,0,0,0,F,0
Male,31,25 - 45,Caucasian,2,0,0,0,M,1
Male,35,25 - 45,Caucasian,0,0,0,0,M,0
Male,34,25 - 45,African-American,2,0,0,0,F,1
Male,32,25 - 45,African-American,0,0,0,0,F,0
Female,31,25 - 45,African-American,1,0,0,0,F,1
Male,31,25 - 45,African-American,11,0,0,0,M,1
Male,28,25 - 45,African-American,3,0,0,0,M,1
Female,27,25 - 45,African-American,10,0,1,0,F,1
Male,24,Less than 25,African-American,0,0,0,2,F,1
Male,49,Greater than 45,Caucasian,0,0,0,0,F,0
Female,40,25 - 45,Caucasian,0,0,0,0,F,0
Male,22,Less than 25,African-American,4,0,0,0,M,0
Male,28,25 - 45,African-American,5,0,0,0,F,1
Male,24,Less than 25,African-American,2,0,0,0,F,1
Male,49,Greater than 45,Caucasian,1,0,0,0,M,0
Male,33,25 - 45,Caucasian,0,0,0,0,M,1
Male,44,25 - 45,Caucasian,0,0,0,0,F,1
Male,41,25 - 45,African-American,12,0,0,3,F,1
Male,46,Greater than 45,Caucasian,0,0,0,0,F,0
Male,57,Greater than 45,African-American,2,0,0,0,M,0
Male,32,25 - 45,African-American,0,0,0,0,F,0
Male,36,25 - 45,African-American,1,0,0,0,M,0
Male,30,25 - 45,African-American,1,0,0,0,M,0
Male,28,25 - 45,African-American,0,0,0,0,M,0
Male,31,25 - 45,Caucasian,3,0,0,0,M,1
Male,29,25 - 45,African-American,8,1,0,0,F,1
Male,21,Less than 25,African-American,1,0,0,0,M,0
Male,23,Less than 25,African-American,5,1,0,0,F,1
Male,25,25 - 45,Caucasian,4,0,0,0,F,0
Female,49,Greater than 45,African-American,25,0,0,0,F,1
Female,25,25 - 45,African-American,1,0,0,0,M,1
Male,35,25 - 45,African-American,9,0,0,0,F,0
Male,32,25 - 45,African-American,0,0,0,0,M,0
Female,23,Less than 25,African-American,0,0,0,0,M,0
Male,23,Less than 25,African-American,4,1,1,2,F,0
Female,26,25 - 45,African-American,0,0,0,0,M,0
Male,31,25 - 45,African-American,9,0,0,0,F,1
Male,22,Less than 25,African-American,0,0,0,0,M,1
Female,20,Less than 25,Caucasian,0,0,0,0,F,1
Male,24,Less than 25,African-American,1,0,0,0,F,0
Male,37,25 - 45,African-American,0,0,0,0,M,0
Male,29,25 - 45,African-American,0,0,0,0,F,0
Male,29,25 - 45,African-American,9,0,0,1,F,1
Male,49,Greater than 45,Caucasian,3,0,0,0,F,0
Male,31,25 - 45,African-American,2,0,0,0,F,0
Male,59,Greater than 45,Caucasian,0,0,0,0,M,0
Male,39,25 - 45,African-American,2,0,0,0,M,1
Male,23,Less than 25,African-American,1,0,0,1,F,0
Male,27,25 - 45,African-American,3,0,0,0,F,1
Male,22,Less than 25,African-American,1,0,0,0,F,0
Male,21,Less than 25,Caucasian,0,0,0,0,F,1
Male,36,25 - 45,African-American,0,0,0,0,F,0
Male,30,25 - 45,African-American,10,0,0,1,F,1
Male,31,25 - 45,Caucasian,3,0,0,0,M,0
Male,26,25 - 45,Caucasian,0,0,0,0,F,0
Male,24,Less than 25,African-American,0,0,0,0,M,0
Male,27,25 - 45,African-American,11,1,2,0,F,0
Male,28,25 - 45,Caucasian,4,0,0,0,F,0
Male,54,Greater than 45,Caucasian,3,0,0,0,F,1
Male,57,Greater than 45,Caucasian,0,0,0,0,M,0
Male,30,25 - 45,African-American,2,0,0,0,F,0
Female,31,25 - 45,African-American,4,0,0,0,F,0
Male,29,25 - 45,Caucasian,0,0,0,0,F,0
Male,22,Less than 25,African-American,0,0,0,0,M,0
Male,35,25 - 45,African-American,0,0,0,0,M,1
Male,29,25 - 45,African-American,2,0,0,0,F,1
Male,30,25 - 45,African-American,14,0,1,0,F,0
Male,27,25 - 45,African-American,2,0,0,0,F,1
Female,63,Greater than 45,Caucasian,0,0,0,0,M,0
Male,27,25 - 45,African-American,6,0,0,0,F,1
Male,36,25 - 45,Caucasian,0,0,0,0,F,1
Male,21,Less than 25,African-American,0,0,0,0,F,0
Male,23,Less than 25,Caucasian,1,0,0,0,F,0
Male,40,25 - 45,African-American,1,0,0,0,F,0
Male,30,25 - 45,African-American,3,0,0,0,M,1
Male,41,25 - 45,African-American,1,0,0,0,M,0
Male,56,Greater than 45,Caucasian,0,0,0,0,M,0
Male,23,Less than 25,African-American,1,0,0,0,F,1
Male,61,Greater than 45,African-American,14,0,0,0,M,0
Male,20,Less than 25,African-American,0,0,0,0,F,1
Male,49,Greater than 45,Caucasian,2,0,0,0,F,1
Male,31,25 - 45,African-American,6,2,0,0,F,0
Male,50,Greater than 45,African-American,7,0,0,0,F,1
Female,31,25 - 45,African-American,3,0,0,0,M,1
Male,32,25 - 45,African-American,4,1,0,2,F,0
Male,44,25 - 45,African-American,0,0,0,0,F,1
Male,62,Greater than 45,African-American,0,0,0,0,M,0
Male,43,25 - 45,African-American,3,0,0,0,F,1
Female,24,Less than 25,African-American,1,0,0,0,M,1
Male,41,25 - 45,African-American,13,0,0,0,F,1
Male,23,Less than 25,Caucasian,0,0,0,0,M,0
Male,67,Greater than 45,Caucasian,0,0,0,0,M,0
Male,20,Less than 25,African-American,0,0,0,0,F,1
Male,29,25 - 45,African-American,3,1,0,0,M,1
Female,34,25 - 45,Caucasian,0,0,0,1,F,1
Male,29,25 - 45,African-American,0,0,0,0,F,0
Male,46,Greater than 45,African-American,4,0,0,0,F,0
Male,31,25 - 45,African-American,9,0,0,0,M,1
Male,24,Less than 25,African-American,1,0,0,0,M,0
Male,28,25 - 45,African-American,1,0,0,0,F,1
Female,25,25 - 45,African-American,0,0,0,0,M,1
Female,24,Less than 25,African-American,0,0,0,0,M,0
Male,36,25 - 45,Caucasian,1,0,0,0,F,0
Male,25,25 - 45,African-American,2,0,0,0,M,0
Male,29,25 - 45,Caucasian,0,0,0,0,F,0
Female,26,25 - 45,Caucasian,1,0,0,0,F,0
Male,23,Less than 25,African-American,3,1,0,0,F,1
Male,32,25 - 45,African-American,4,0,0,0,F,1
Female,26,25 - 45,Caucasian,0,0,0,0,F,0
Male,35,25 - 45,Caucasian,0,0,0,0,M,1
Male,23,Less than 25,African-American,0,0,0,0,M,1
Female,46,Greater than 45,Caucasian,0,0,0,0,M,0
Male,41,25 - 45,Caucasian,0,0,0,0,F,0
Male,22,Less than 25,Caucasian,0,0,0,1,M,1
Male,27,25 - 45,African-American,7,0,0,0,M,1
Female,24,Less than 25,African-American,1,0,0,0,F,1
Male,27,25 - 45,African-American,10,0,0,0,F,1
Male,22,Less than 25,Caucasian,1,0,0,0,M,0
Male,26,25 - 45,African-American,3,0,1,0,M,1
Male,26,25 - 45,Caucasian,7,0,0,0,M,0
Male,29,25 - 45,Caucasian,3,0,0,0,F,1
Female,42,25 - 45,African-American,17,3,0,0,F,1
Male,30,25 - 45,African-American,0,0,0,0,M,0
Male,34,25 - 45,Caucasian,1,0,0,0,F,0
Male,23,Less than 25,Caucasian,3,0,0,7,M,0
Female,47,Greater than 45,Caucasian,0,0,0,0,M,0
Male,55,Greater than 45,Caucasian,2,0,0,0,M,0
Male,43,25 - 45,African-American,2,0,0,0,F,0
Male,45,Greater than 45,African-American,38,0,0,0,F,1
Female,61,Greater than 45,Caucasian,15,0,0,0,F,0
Male,49,Greater than 45,Caucasian,0,0,0,0,F,0
Male,49,Greater than 45,African-American,1,0,0,0,M,0
Male,42,25 - 45,African-American,1,0,0,0,F,0
Male,24,Less than 25,African-American,1,0,0,0,M,0
Male,51,Greater than 45,Caucasian,0,0,0,0,F,0
Male,26,25 - 45,Caucasian,2,0,0,1,F,1
Male,28,25 - 45,Caucasian,2,0,0,0,F,1
Male,49,Greater than 45,African-American,2,0,0,0,F,0
Male,56,Greater than 45,Caucasian,1,0,0,0,F,0
Male,53,Greater than 45,Caucasian,8,0,0,0,M,0
Male,41,25 - 45,Caucasian,3,0,0,0,M,0
Male,45,Greater than 45,African-American,6,0,0,0,F,0
Female,21,Less than 25,African-American,0,0,0,0,F,0
Male,27,25 - 45,Caucasian,2,0,0,1,M,1
Male,21,Less than 25,African-American,0,0,0,0,F,0
Male,31,25 - 45,Caucasian,0,0,0,0,F,0
Male,30,25 - 45,African-American,8,2,0,0,F,0
Male,23,Less than 25,African-American,0,0,0,0,F,0
Male,52,Greater than 45,Caucasian,1,0,0,0,F,0
Male,48,Greater than 45,African-American,11,0,0,0,M,1
Female,51,Greater than 45,African-American,3,0,0,0,M,0
Male,30,25 - 45,Caucasian,1,0,0,0,M,1
Female,29,25 - 45,African-American,5,0,0,0,F,1
Female,44,25 - 45,African-American,0,0,0,0,F,0
Male,34,25 - 45,African-American,12,0,0,0,F,1
Male,28,25 - 45,African-American,5,1,2,0,F,1
Male,28,25 - 45,African-American,9,0,0,0,F,1
Female,34,25 - 45,Caucasian,0,0,0,0,F,0
Male,23,Less than 25,African-American,3,0,2,1,M,1
Male,71,Greater than 45,Caucasian,3,0,0,0,M,0
Male,45,Greater than 45,Caucasian,2,0,0,0,M,0
Male,29,25 - 45,African-American,0,0,0,0,M,0
Male,52,Greater than 45,African-American,17,0,0,0,F,1
Male,21,Less than 25,African-American,0,0,0,0,M,0
Male,29,25 - 45,Caucasian,2,0,0,0,M,0
Male,54,Greater than 45,Caucasian,0,0,0,0,M,0
Male,27,25 - 45,Caucasian,0,0,0,0,F,1
Male,29,25 - 45,Caucasian,1,0,0,0,M,0
Female,23,Less than 25,African-American,2,0,0,0,M,1
Female,65,Greater than 45,Caucasian,1,0,0,0,F,0
Male,31,25 - 45,African-American,15,0,3,4,F,1
Male,31,25 - 45,Caucasian,0,0,0,0,F,0
Male,21,Less than 25,African-American,0,0,0,0,F,0
Male,27,25 - 45,African-American,17,0,2,0,F,1
Male,33,25 - 45,Caucasian,1,0,0,0,F,0
Male,25,25 - 45,African-American,3,0,1,0,F,0
Male,39,25 - 45,Caucasian,1,0,0,0,F,0
Male,29,25 - 45,African-American,8,0,0,0,M,1
Male,27,25 - 45,African-American,15,0,0,0,F,1
Female,42,25 - 45,Caucasian,0,0,0,0,F,0
Male,21,Less than 25,Caucasian,0,0,0,0,F,0
Male,27,25 - 45,African-American,5,0,0,1,M,1
Male,36,25 - 45,African-American,2,0,0,0,M,1
Female,24,Less than 25,African-American,0,0,0,0,F,1
Female,67,Greater than 45,Caucasian,0,0,0,0,M,0
Male,39,25 - 45,African-American,3,0,0,0,F,1
Female,25,25 - 45,African-American,1,0,0,0,F,0
Male,40,25 - 45,Caucasian,8,0,0,0,F,1
Male,37,25 - 45,African-American,4,0,0,0,M,1
Female,42,25 - 45,African-American,8,0,0,0,F,1
Male,26,25 - 45,African-American,8,0,0,0,F,1
Male,23,Less than 25,African-American,1,0,0,0,M,0
Female,31,25 - 45,Caucasian,1,0,0,0,M,1
Male,26,25 - 45,Caucasian,4,0,0,0,F,1
Male,51,Greater than 45,Caucasian,2,0,0,0,M,1
Male,67,Greater than 45,Caucasian,0,0,0,0,M,0
Male,27,25 - 45,African-American,10,0,0,0,F,0
Female,26,25 - 45,Caucasian,1,0,0,0,M,0
Male,55,Greater than 45,African-American,3,0,0,0,M,1
Male,28,25 - 45,Caucasian,0,0,0,0,M,0
Female,51,Greater than 45,Caucasian,0,0,0,0,M,0
Male,28,25 - 45,African-American,13,0,0,0,F,1
Male,22,Less than 25,African-American,0,0,0,0,F,1
Male,26,25 - 45,African-American,2,0,0,0,F,1
Female,27,25 - 45,African-American,1,0,1,0,F,0
Male,32,25 - 45,African-American,5,0,0,0,M,0
Male,36,25 - 45,African-American,11,0,0,0,F,1
Male,27,25 - 45,African-American,4,0,0,0,M,0
Male,41,25 - 45,Caucasian,1,0,0,0,F,1
Male,24,Less than 25,African-American,12,0,3,0,M,0
Male,61,Greater than 45,African-American,11,0,0,0,F,0
Female,29,25 - 45,Caucasian,3,0,0,0,F,0
Male,34,25 - 45,Caucasian,11,0,0,0,F,0
Male,45,Greater than 45,Caucasian,0,0,0,0,F,0
Male,21,Less than 25,Caucasian,3,0,2,1,F,1
Male,28,25 - 45,African-American,20,0,0,0,F,1
Male,31,25 - 45,Caucasian,6,0,0,0,F,0
Male,59,Greater than 45,Caucasian,0,0,0,0,M,1
Male,40,25 - 45,African-American,8,0,0,0,M,1
Female,22,Less than 25,Caucasian,1,0,0,1,M,0
Male,21,Less than 25,African-American,1,0,1,0,M,1
Male,25,25 - 45,Caucasian,2,0,0,0,F,1
Female,25,25 - 45,African-American,1,0,0,0,F,0
Male,47,Greater than 45,African-American,3,0,0,0,M,1
Male,21,Less than 25,African-American,5,0,0,0,M,1
Male,29,25 - 45,African-American,1,0,0,0,F,1
Male,40,25 - 45,Caucasian,4,0,0,0,F,1
Male,39,25 - 45,Caucasian,0,0,0,0,M,0
Female,30,25 - 45,African-American,0,0,0,0,M,1
Male,25,25 - 45,Caucasian,0,0,0,0,M,0
Female,21,Less than 25,Caucasian,0,0,0,0,M,1
Male,25,25 - 45,Caucasian,0,0,0,0,M,1
Male,27,25 - 45,African-American,5,0,0,0,M,1
Male,45,Greater than 45,Caucasian,4,0,0,0,M,1
Male,32,25 - 45,African-American,4,0,0,0,F,1
Male,22,Less than 25,African-American,0,0,0,0,M,1
Female,44,25 - 45,African-American,6,0,0,0,F,0
Male,23,Less than 25,African-American,0,0,0,0,F,0
Male,46,Greater than 45,Caucasian,0,0,0,0,F,0
Male,33,25 - 45,Caucasian,2,0,0,0,F,0
Female,40,25 - 45,Caucasian,3,0,0,0,F,1
Male,54,Greater than 45,Caucasian,7,0,0,0,F,0
Male,21,Less than 25,Caucasian,0,0,0,0,M,0
Male,43,25 - 45,Caucasian,6,0,0,0,M,1
Male,22,Less than 25,African-American,0,0,0,0,M,0
Male,31,25 - 45,African-American,0,0,0,0,F,0
Male,32,25 - 45,African-American,6,0,0,0,F,1
Male,21,Less than 25,African-American,1,0,0,0,M,0
Male,23,Less than 25,Caucasian,0,0,0,0,M,0
Male,33,25 - 45,African-American,3,0,0,0,M,1
Male,64,Greater than 45,African-American,0,0,0,0,M,0
Male,20,Less than 25,African-American,0,0,0,1,F,0
Male,26,25 - 45,Caucasian,1,0,0,0,M,0
Male,30,25 - 45,African-American,18,0,1,1,F,1
Male,23,Less than 25,African-American,10,0,0,1,F,1
Male,60,Greater than 45,African-American,13,0,0,0,F,1
Male,46,Greater than 45,African-American,2,0,0,0,F,1
Male,56,Greater than 45,Caucasian,0,0,0,0,M,1
Female,45,Greater than 45,African-American,0,0,0,0,F,0
Male,26,25 - 45,African-American,4,0,0,0,F,1
Female,47,Greater than 45,African-American,4,0,0,0,M,0
Female,29,25 - 45,African-American,7,0,1,0,F,1
Male,32,25 - 45,African-American,9,2,1,0,F,0
Male,29,25 - 45,African-American,10,0,0,0,F,1
Male,22,Less than 25,African-American,1,0,0,0,F,1
Female,28,25 - 45,African-American,1,0,0,0,F,0
Male,36,25 - 45,Caucasian,0,0,0,0,F,0
Male,24,Less than 25,African-American,0,0,0,0,F,0
Male,33,25 - 45,African-American,9,2,0,0,M,1
Male,46,Greater than 45,African-American,2,0,0,0,M,0
Male,31,25 - 45,Caucasian,9,0,0,0,M,1
Male,49,Greater than 45,Caucasian,3,0,0,0,F,1
Male,24,Less than 25,African-American,0,0,0,3,F,1
Male,57,Greater than 45,African-American,28,0,0,0,F,1
Male,36,25 - 45,African-American,14,1,2,0,F,1
Male,43,25 - 45,African-American,23,0,1,0,F,0
Male,42,25 - 45,African-American,0,0,0,0,M,0
Male,32,25 - 45,Caucasian,4,0,0,0,F,1
Male,26,25 - 45,Caucasian,1,0,0,0,F,0
Male,74,Greater than 45,Caucasian,0,0,0,0,M,0
Male,24,Less than 25,African-American,3,0,0,1,F,1
Male,33,25 - 45,African-American,2,0,0,0,M,0
Male,22,Less than 25,African-American,1,0,0,0,M,1
Male,50,Greater than 45,Caucasian,4,0,0,0,M,0
Female,28,25 - 45,Caucasian,7,0,0,0,F,1
Female,35,25 - 45,African-American,5,0,0,1,F,1
Male,33,25 - 45,African-American,0,0,0,0,F,1
Female,36,25 - 45,African-American,1,0,0,0,M,0
Male,28,25 - 45,African-American,2,0,0,0,F,1
Male,63,Greater than 45,African-American,1,0,0,0,F,0
Female,69,Greater than 45,Caucasian,5,0,0,0,F,0
Male,41,25 - 45,African-American,18,1,0,0,F,1
Male,44,25 - 45,Caucasian,1,0,0,0,M,0
Female,29,25 - 45,African-American,0,0,0,0,F,0
Female,52,Greater than 45,Caucasian,0,0,0,0,M,0
Male,23,Less than 25,African-American,1,0,0,0,F,1
Male,26,25 - 45,Caucasian,0,0,0,0,F,0
Male,24,Less than 25,African-American,0,0,0,0,M,1
Male,45,Greater than 45,African-American,4,0,0,0,M,0
Male,24,Less than 25,African-American,4,0,0,0,F,1
Male,47,Greater than 45,African-American,0,0,0,0,M,0
Male,26,25 - 45,African-American,0,0,0,0,F,0
Male,36,25 - 45,African-American,9,0,0,0,F,1
Male,33,25 - 45,Caucasian,2,0,0,0,M,1
Male,52,Greater than 45,Caucasian,1,0,0,0,M,0
Male,51,Greater than 45,Caucasian,0,0,0,0,F,0
Male,47,Greater than 45,African-American,7,0,0,0,F,1
Male,38,25 - 45,Caucasian,1,0,0,0,M,1
Male,67,Greater than 45,Caucasian,1,0,0,0,F,0
Male,47,Greater than 45,African-American,1,0,0,0,F,0
Male,66,Greater than 45,Caucasian,0,0,0,0,M,0
Male,39,25 - 45,Caucasian,0,0,0,0,F,0
Female,49,Greater than 45,Caucasian,2,0,0,0,M,0
Female,45,Greater than 45,African-American,9,0,0,0,M,0
Female,46,Greater than 45,Caucasian,7,0,0,0,F,1
Male,29,25 - 45,African-American,15,0,0,0,F,1
Male,28,25 - 45,African-American,2,0,0,0,M,1
Female,22,Less than 25,African-American,0,0,0,0,F,1
Male,20,Less than 25,African-American,1,1,0,1,F,1
Male,34,25 - 45,Caucasian,5,0,0,0,F,0
Male,22,Less than 25,African-American,8,0,1,0,F,1
Male,25,25 - 45,Caucasian,3,0,0,0,M,1
Male,34,25 - 45,African-American,1,0,0,0,F,0
Male,34,25 - 45,Caucasian,1,0,0,0,F,0
Male,54,Greater than 45,African-American,10,0,0,0,F,1
Female,36,25 - 45,Caucasian,5,0,0,0,F,1
Male,30,25 - 45,African-American,8,1,0,2,F,1
Female,23,Less than 25,African-American,1,0,0,0,F,1
Male,40,25 - 45,Caucasian,0,0,0,0,F,0
Female,27,25 - 45,Caucasian,0,0,0,0,M,1
Male,25,25 - 45,African-American,3,0,0,0,F,1
Male,47,Greater than 45,African-American,14,0,0,0,M,0
Female,27,25 - 45,African-American,3,0,0,1,F,1
Male,38,25 - 45,African-American,16,2,3,0,M,1
Male,27,25 - 45,African-American,0,0,0,0,M,1
Male,30,25 - 45,Caucasian,4,0,0,0,F,1
Male,33,25 - 45,African-American,4,0,0,0,M,1
Female,29,25 - 45,African-American,2,0,0,0,F,1
Male,56,Greater than 45,African-American,31,0,0,0,F,1
Male,26,25 - 45,African-American,0,0,0,0,F,0
Female,28,25 - 45,African-American,5,0,0,0,F,0
Male,43,25 - 45,African-American,5,0,0,0,M,0
Male,29,25 - 45,African-American,2,0,0,0,F,1
Male,22,Less than 25,African-American,1,0,0,1,F,1
Male,74,Greater than 45,Caucasian,2,0,0,0,F,0
Male,47,Greater than 45,African-American,4,0,0,0,F,1
Female,42,25 - 45,Caucasian,4,0,0,0,F,1
Female,43,25 - 45,Caucasian,0,0,0,0,M,0
Female,28,25 - 45,African-American,6,0,0,0,M,1
Female,24,Less than 25,African-American,0,0,0,0,F,0
Male,56,Greater than 45,African-American,0,0,0,0,M,0
Male,49,Greater than 45,Caucasian,0,0,0,0,F,0
Female,24,Less than 25,Caucasian,1,0,0,0,F,0
Male,30,25 - 45,African-American,3,0,0,0,F,1
Male,28,25 - 45,Caucasian,11,0,0,0,F,0
Female,39,25 - 45,African-American,1,0,0,0,F,1
Female,26,25 - 45,African-American,4,0,0,0,F,1
Male,56,Greater than 45,African-American,4,0,0,0,F,0
Male,58,Greater than 45,Caucasian,8,0,0,0,M,0
Male,33,25 - 45,African-American,3,0,0,0,F,0
Female,31,25 - 45,African-American,9,0,0,0,F,1
Male,25,25 - 45,Caucasian,5,4,0,0,M,0
Male,25,25 - 45,Caucasian,7,0,0,0,M,1
Male,20,Less than 25,African-American,1,0,0,1,F,1
Female,30,25 - 45,Caucasian,3,0,0,0,F,0
Male,29,25 - 45,Caucasian,14,0,0,2,F,1
Male,21,Less than 25,African-American,0,0,0,0,F,1
Male,44,25 - 45,African-American,11,0,0,1,F,1
Male,30,25 - 45,Caucasian,2,0,0,0,F,0
Male,35,25 - 45,African-American,12,0,0,1,M,1
Male,34,25 - 45,Caucasian,4,0,0,0,F,0
Male,26,25 - 45,African-American,2,0,0,0,M,0
Male,51,Greater than 45,Caucasian,4,0,0,0,M,0
Male,36,25 - 45,African-American,0,0,0,0,M,0
Male,26,25 - 45,Caucasian,3,0,0,0,M,1
Male,21,Less than 25,African-American,1,0,0,0,F,0
Male,59,Greater than 45,African-American,5,0,0,0,M,0
Male,29,25 - 45,African-American,7,0,2,0,F,1
Male,37,25 - 45,African-American,4,0,0,0,F,0
Male,41,25 - 45,Caucasian,0,0,0,0,M,0
Male,23,Less than 25,African-American,0,0,0,0,F,1
Female,54,Greater than 45,Caucasian,1,0,0,0,M,0
Male,30,25 - 45,Caucasian,2,0,0,0,M,0
Male,28,25 - 45,Caucasian,0,0,0,0,M,1
Male,22,Less than 25,African-American,0,0,0,0,M,0
Male,21,Less than 25,African-American,0,0,0,0,F,1
Male,27,25 - 45,African-American,1,0,0,2,M,0
Male,61,Greater than 45,African-American,4,0,0,0,M,1
Male,60,Greater than 45,Caucasian,0,0,0,0,M,1
Female,22,Less than 25,Caucasian,1,0,0,0,F,0
Female,49,Greater than 45,Caucasian,3,0,0,0,F,0
Female,61,Greater than 45,Caucasian,1,0,0,0,M,0
Male,51,Greater than 45,African-American,7,0,0,0,M,1
Female,49,Greater than 45,Caucasian,2,0,0,0,F,0
Female,24,Less than 25,African-American,0,0,0,0,F,1
Female,36,25 - 45,Caucasian,4,0,0,0,M,1
Male,42,25 - 45,Caucasian,5,0,0,0,F,0
Male,36,25 - 45,African-American,9,0,0,0,F,0
Male,57,Greater than 45,Caucasian,14,0,0,0,F,1
Male,36,25 - 45,Caucasian,0,0,0,0,M,0
Male,34,25 - 45,African-American,3,0,0,0,M,1
Male,24,Less than 25,African-American,2,0,0,0,M,1
Male,32,25 - 45,Caucasian,0,0,0,0,F,0
Male,25,25 - 45,African-American,1,0,0,0,F,0
Female,30,25 - 45,Caucasian,2,0,0,0,M,1
Male,35,25 - 45,African-American,8,0,0,0,M,1
Male,43,25 - 45,African-American,0,0,0,0,M,0
Male,28,25 - 45,African-American,1,0,0,0,F,0
Male,32,25 - 45,African-American,4,0,0,0,F,0
Male,23,Less than 25,Caucasian,0,0,0,0,F,0
Female,20,Less than 25,African-American,0,0,0,0,M,1
Male,30,25 - 45,African-American,19,0,1,0,F,1
Male,30,25 - 45,African-American,2,0,0,0,M,0
Male,21,Less than 25,Caucasian,0,0,0,0,M,1
Male,30,25 - 45,African-American,0,0,0,0,M,1
Male,20,Less than 25,African-American,0,0,0,0,F,0
Male,23,Less than 25,African-American,0,0,0,0,F,0
Male,23,Less than 25,African-American,0,0,0,0,F,0
Female,33,25 - 45,African-American,3,0,0,0,M,0
